구분,열차번호,출발시각,도착시각,특실/우등실,일반실,유아,자유석/입석,인터넷 특가(멤버십혜택),예약대기,정차역(경유),차량유형/편성정보,운임요금,소요시간,url
직통,1205,서울07:15,부산12:58,-,예약하기,-,역발매중,"28,600원",-,-,전동휠체어,조회,05:43,https://www.letskorail.com/ebizprd/EbizPrdTicketPr21111_i1.do?&txtGoAbrdDt=20240314&txtGoHour=071500&selGoYear=2024&selGoMonth=03&selGoDay=14&selGoHour=00&txtGoPage=2&txtGoStartCode=0001&txtGoStart=%EC%84%9C%EC%9A%B8&txtGoEndCode=0020&txtGoEnd=%EB%B6%80%EC%82%B0&selGoTrain=05&selGoRoom=&selGoRoom1=&txtGoTrnNo=&useSeatFlg=&useServiceFlg=&selGoSeat=&selGoService=&txtPnrNo=&hidRsvChgNo=&hidStlFlg=&radJobId=1&SeandYo=&hidRsvTpCd=03&selGoSeat1=015&selGoSeat2=&txtPsgCnt1=1&txtPsgCnt2=0&txtMenuId=11&txtPsgFlg_1=1&txtPsgFlg_2=0&txtPsgFlg_3=0&txtPsgFlg_4=0&txtPsgFlg_5=0&txtPsgFlg_8=&chkCpn=N&txtSeatAttCd_4=015&txtSeatAttCd_3=000&txtSeatAttCd_2=000&txtGoStartCode2=&txtGoEndCode2=&hidDiscount=&hidEasyTalk=&adjcCheckYn=N
직통,KTX011,서울07:27,부산10:09,예약하기,예약하기,유아동반객실,역발매중,"59,800원(5% 적립)",-,-,전동휠체어,조회,02:42,https://www.letskorail.com/ebizprd/EbizPrdTicketPr21111_i1.do?&txtGoAbrdDt=20240314&txtGoHour=071500&selGoYear=2024&selGoMonth=03&selGoDay=14&selGoHour=00&txtGoPage=2&txtGoStartCode=0001&txtGoStart=%EC%84%9C%EC%9A%B8&txtGoEndCode=0020&txtGoEnd=%EB%B6%80%EC%82%B0&selGoTrain=05&selGoRoom=&selGoRoom1=&txtGoTrnNo=&useSeatFlg=&useServiceFlg=&selGoSeat=&selGoService=&txtPnrNo=&hidRsvChgNo=&hidStlFlg=&radJobId=1&SeandYo=&hidRsvTpCd=03&selGoSeat1=015&selGoSeat2=&txtPsgCnt1=1&txtPsgCnt2=0&txtMenuId=11&txtPsgFlg_1=1&txtPsgFlg_2=0&txtPsgFlg_3=0&txtPsgFlg_4=0&txtPsgFlg_5=0&txtPsgFlg_8=&chkCpn=N&txtSeatAttCd_4=015&txtSeatAttCd_3=000&txtSeatAttCd_2=000&txtGoStartCode2=&txtGoEndCode2=&hidDiscount=&hidEasyTalk=&adjcCheckYn=N
직통,KTX013,서울07:49,부산10:19,예약하기,예약하기,유아동반객실,역발매중,"59,800원(5% 적립)",-,-,전동휠체어,조회,02:30,https://www.letskorail.com/ebizprd/EbizPrdTicketPr21111_i1.do?&txtGoAbrdDt=20240314&txtGoHour=071500&selGoYear=2024&selGoMonth=03&selGoDay=14&selGoHour=00&txtGoPage=2&txtGoStartCode=0001&txtGoStart=%EC%84%9C%EC%9A%B8&txtGoEndCode=0020&txtGoEnd=%EB%B6%80%EC%82%B0&selGoTrain=05&selGoRoom=&selGoRoom1=&txtGoTrnNo=&useSeatFlg=&useServiceFlg=&selGoSeat=&selGoService=&txtPnrNo=&hidRsvChgNo=&hidStlFlg=&radJobId=1&SeandYo=&hidRsvTpCd=03&selGoSeat1=015&selGoSeat2=&txtPsgCnt1=1&txtPsgCnt2=0&txtMenuId=11&txtPsgFlg_1=1&txtPsgFlg_2=0&txtPsgFlg_3=0&txtPsgFlg_4=0&txtPsgFlg_5=0&txtPsgFlg_8=&chkCpn=N&txtSeatAttCd_4=015&txtSeatAttCd_3=000&txtSeatAttCd_2=000&txtGoStartCode2=&txtGoEndCode2=&hidDiscount=&hidEasyTalk=&adjcCheckYn=N
직통,KTX015,서울07:57,부산10:45,예약하기,예약하기,유아동반객실,역발매중,"59,800원(5% 적립)",-,-,전동휠체어,조회,02:48,https://www.letskorail.com/ebizprd/EbizPrdTicketPr21111_i1.do?&txtGoAbrdDt=20240314&txtGoHour=071500&selGoYear=2024&selGoMonth=03&selGoDay=14&selGoHour=00&txtGoPage=2&txtGoStartCode=0001&txtGoStart=%EC%84%9C%EC%9A%B8&txtGoEndCode=0020&txtGoEnd=%EB%B6%80%EC%82%B0&selGoTrain=05&selGoRoom=&selGoRoom1=&txtGoTrnNo=&useSeatFlg=&useServiceFlg=&selGoSeat=&selGoService=&txtPnrNo=&hidRsvChgNo=&hidStlFlg=&radJobId=1&SeandYo=&hidRsvTpCd=03&selGoSeat1=015&selGoSeat2=&txtPsgCnt1=1&txtPsgCnt2=0&txtMenuId=11&txtPsgFlg_1=1&txtPsgFlg_2=0&txtPsgFlg_3=0&txtPsgFlg_4=0&txtPsgFlg_5=0&txtPsgFlg_8=&chkCpn=N&txtSeatAttCd_4=015&txtSeatAttCd_3=000&txtSeatAttCd_2=000&txtGoStartCode2=&txtGoEndCode2=&hidDiscount=&hidEasyTalk=&adjcCheckYn=N
직통,KTX121,서울08:11,부산11:32,예약하기,예약하기,유아동반객실,역발매중,"48,800원(5% 적립)",-,"경부기존선 수원역을 정차하는 KTX 입니다
소요시간과 운임의 차이가 있습니다",전동휠체어,조회,03:21,https://www.letskorail.com/ebizprd/EbizPrdTicketPr21111_i1.do?&txtGoAbrdDt=20240314&txtGoHour=071500&selGoYear=2024&selGoMonth=03&selGoDay=14&selGoHour=00&txtGoPage=2&txtGoStartCode=0001&txtGoStart=%EC%84%9C%EC%9A%B8&txtGoEndCode=0020&txtGoEnd=%EB%B6%80%EC%82%B0&selGoTrain=05&selGoRoom=&selGoRoom1=&txtGoTrnNo=&useSeatFlg=&useServiceFlg=&selGoSeat=&selGoService=&txtPnrNo=&hidRsvChgNo=&hidStlFlg=&radJobId=1&SeandYo=&hidRsvTpCd=03&selGoSeat1=015&selGoSeat2=&txtPsgCnt1=1&txtPsgCnt2=0&txtMenuId=11&txtPsgFlg_1=1&txtPsgFlg_2=0&txtPsgFlg_3=0&txtPsgFlg_4=0&txtPsgFlg_5=0&txtPsgFlg_8=&chkCpn=N&txtSeatAttCd_4=015&txtSeatAttCd_3=000&txtSeatAttCd_2=000&txtGoStartCode2=&txtGoEndCode2=&hidDiscount=&hidEasyTalk=&adjcCheckYn=N
직통,1003,서울08:48,부산13:42,-,예약하기,유아동반객실,역발매중,"42,600원",-,-,전동휠체어,조회,04:54,https://www.letskorail.com/ebizprd/EbizPrdTicketPr21111_i1.do?&txtGoAbrdDt=20240314&txtGoHour=071500&selGoYear=2024&selGoMonth=03&selGoDay=14&selGoHour=00&txtGoPage=2&txtGoStartCode=0001&txtGoStart=%EC%84%9C%EC%9A%B8&txtGoEndCode=0020&txtGoEnd=%EB%B6%80%EC%82%B0&selGoTrain=05&selGoRoom=&selGoRoom1=&txtGoTrnNo=&useSeatFlg=&useServiceFlg=&selGoSeat=&selGoService=&txtPnrNo=&hidRsvChgNo=&hidStlFlg=&radJobId=1&SeandYo=&hidRsvTpCd=03&selGoSeat1=015&selGoSeat2=&txtPsgCnt1=1&txtPsgCnt2=0&txtMenuId=11&txtPsgFlg_1=1&txtPsgFlg_2=0&txtPsgFlg_3=0&txtPsgFlg_4=0&txtPsgFlg_5=0&txtPsgFlg_8=&chkCpn=N&txtSeatAttCd_4=015&txtSeatAttCd_3=000&txtSeatAttCd_2=000&txtGoStartCode2=&txtGoEndCode2=&hidDiscount=&hidEasyTalk=&adjcCheckYn=N
직통,KTX017,서울08:57,부산11:15,좌석매진,예약하기,유아동반객실,역발매중,"59,800원(5% 적립)",-,-,전동휠체어,조회,02:18,https://www.letskorail.com/ebizprd/EbizPrdTicketPr21111_i1.do?&txtGoAbrdDt=20240314&txtGoHour=071500&selGoYear=2024&selGoMonth=03&selGoDay=14&selGoHour=00&txtGoPage=2&txtGoStartCode=0001&txtGoStart=%EC%84%9C%EC%9A%B8&txtGoEndCode=0020&txtGoEnd=%EB%B6%80%EC%82%B0&selGoTrain=05&selGoRoom=&selGoRoom1=&txtGoTrnNo=&useSeatFlg=&useServiceFlg=&selGoSeat=&selGoService=&txtPnrNo=&hidRsvChgNo=&hidStlFlg=&radJobId=1&SeandYo=&hidRsvTpCd=03&selGoSeat1=015&selGoSeat2=&txtPsgCnt1=1&txtPsgCnt2=0&txtMenuId=11&txtPsgFlg_1=1&txtPsgFlg_2=0&txtPsgFlg_3=0&txtPsgFlg_4=0&txtPsgFlg_5=0&txtPsgFlg_8=&chkCpn=N&txtSeatAttCd_4=015&txtSeatAttCd_3=000&txtSeatAttCd_2=000&txtGoStartCode2=&txtGoEndCode2=&hidDiscount=&hidEasyTalk=&adjcCheckYn=N
직통,KTX101,서울09:32,부산12:52,좌석매진,예약하기,유아동반객실,역발매중,"53,500원(5% 적립)",-,"경부기존선 서대구, 구포역을 정차하는 KTX 입니다
소요시간과 운임의 차이가 있습니다",전동휠체어,조회,03:20,https://www.letskorail.com/ebizprd/EbizPrdTicketPr21111_i1.do?&txtGoAbrdDt=20240314&txtGoHour=071500&selGoYear=2024&selGoMonth=03&selGoDay=14&selGoHour=00&txtGoPage=2&txtGoStartCode=0001&txtGoStart=%EC%84%9C%EC%9A%B8&txtGoEndCode=0020&txtGoEnd=%EB%B6%80%EC%82%B0&selGoTrain=05&selGoRoom=&selGoRoom1=&txtGoTrnNo=&useSeatFlg=&useServiceFlg=&selGoSeat=&selGoService=&txtPnrNo=&hidRsvChgNo=&hidStlFlg=&radJobId=1&SeandYo=&hidRsvTpCd=03&selGoSeat1=015&selGoSeat2=&txtPsgCnt1=1&txtPsgCnt2=0&txtMenuId=11&txtPsgFlg_1=1&txtPsgFlg_2=0&txtPsgFlg_3=0&txtPsgFlg_4=0&txtPsgFlg_5=0&txtPsgFlg_8=&chkCpn=N&txtSeatAttCd_4=015&txtSeatAttCd_3=000&txtSeatAttCd_2=000&txtGoStartCode2=&txtGoEndCode2=&hidDiscount=&hidEasyTalk=&adjcCheckYn=N
직통,KTX021,서울09:57,부산12:45,예약하기,예약하기,유아동반객실,역발매중,"59,800원(5% 적립)",-,-,전동휠체어,조회,02:48,https://www.letskorail.com/ebizprd/EbizPrdTicketPr21111_i1.do?&txtGoAbrdDt=20240314&txtGoHour=093200&selGoYear=2024&selGoMonth=03&selGoDay=14&selGoHour=00&txtGoPage=2&txtGoStartCode=0001&txtGoStart=%EC%84%9C%EC%9A%B8&txtGoEndCode=0020&txtGoEnd=%EB%B6%80%EC%82%B0&selGoTrain=05&selGoRoom=&selGoRoom1=&txtGoTrnNo=&useSeatFlg=&useServiceFlg=&selGoSeat=&selGoService=&txtPnrNo=&hidRsvChgNo=&hidStlFlg=&radJobId=1&SeandYo=&hidRsvTpCd=03&selGoSeat1=015&selGoSeat2=&txtPsgCnt1=1&txtPsgCnt2=0&txtMenuId=11&txtPsgFlg_1=1&txtPsgFlg_2=0&txtPsgFlg_3=0&txtPsgFlg_4=0&txtPsgFlg_5=0&txtPsgFlg_8=&chkCpn=N&txtSeatAttCd_4=015&txtSeatAttCd_3=000&txtSeatAttCd_2=000&txtGoStartCode2=&txtGoEndCode2=&hidDiscount=&hidEasyTalk=&adjcCheckYn=N
직통,KTX123,서울10:11,부산13:34,예약하기,예약하기,유아동반객실,역발매중,"48,800원(5% 적립)",-,"경부기존선 수원역을 정차하는 KTX 입니다
소요시간과 운임의 차이가 있습니다",전동휠체어,조회,03:23,https://www.letskorail.com/ebizprd/EbizPrdTicketPr21111_i1.do?&txtGoAbrdDt=20240314&txtGoHour=093200&selGoYear=2024&selGoMonth=03&selGoDay=14&selGoHour=00&txtGoPage=2&txtGoStartCode=0001&txtGoStart=%EC%84%9C%EC%9A%B8&txtGoEndCode=0020&txtGoEnd=%EB%B6%80%EC%82%B0&selGoTrain=05&selGoRoom=&selGoRoom1=&txtGoTrnNo=&useSeatFlg=&useServiceFlg=&selGoSeat=&selGoService=&txtPnrNo=&hidRsvChgNo=&hidStlFlg=&radJobId=1&SeandYo=&hidRsvTpCd=03&selGoSeat1=015&selGoSeat2=&txtPsgCnt1=1&txtPsgCnt2=0&txtMenuId=11&txtPsgFlg_1=1&txtPsgFlg_2=0&txtPsgFlg_3=0&txtPsgFlg_4=0&txtPsgFlg_5=0&txtPsgFlg_8=&chkCpn=N&txtSeatAttCd_4=015&txtSeatAttCd_3=000&txtSeatAttCd_2=000&txtGoStartCode2=&txtGoEndCode2=&hidDiscount=&hidEasyTalk=&adjcCheckYn=N
직통,1005,서울10:22,부산15:20,-,예약하기,유아동반객실,역발매중,"42,600원",-,-,전동휠체어,조회,04:58,https://www.letskorail.com/ebizprd/EbizPrdTicketPr21111_i1.do?&txtGoAbrdDt=20240314&txtGoHour=093200&selGoYear=2024&selGoMonth=03&selGoDay=14&selGoHour=00&txtGoPage=2&txtGoStartCode=0001&txtGoStart=%EC%84%9C%EC%9A%B8&txtGoEndCode=0020&txtGoEnd=%EB%B6%80%EC%82%B0&selGoTrain=05&selGoRoom=&selGoRoom1=&txtGoTrnNo=&useSeatFlg=&useServiceFlg=&selGoSeat=&selGoService=&txtPnrNo=&hidRsvChgNo=&hidStlFlg=&radJobId=1&SeandYo=&hidRsvTpCd=03&selGoSeat1=015&selGoSeat2=&txtPsgCnt1=1&txtPsgCnt2=0&txtMenuId=11&txtPsgFlg_1=1&txtPsgFlg_2=0&txtPsgFlg_3=0&txtPsgFlg_4=0&txtPsgFlg_5=0&txtPsgFlg_8=&chkCpn=N&txtSeatAttCd_4=015&txtSeatAttCd_3=000&txtSeatAttCd_2=000&txtGoStartCode2=&txtGoEndCode2=&hidDiscount=&hidEasyTalk=&adjcCheckYn=N
직통,KTX023,서울10:27,부산13:13,좌석매진,예약하기,유아동반객실,역발매중,"59,800원(5% 적립)",-,-,전동휠체어,조회,02:46,https://www.letskorail.com/ebizprd/EbizPrdTicketPr21111_i1.do?&txtGoAbrdDt=20240314&txtGoHour=093200&selGoYear=2024&selGoMonth=03&selGoDay=14&selGoHour=00&txtGoPage=2&txtGoStartCode=0001&txtGoStart=%EC%84%9C%EC%9A%B8&txtGoEndCode=0020&txtGoEnd=%EB%B6%80%EC%82%B0&selGoTrain=05&selGoRoom=&selGoRoom1=&txtGoTrnNo=&useSeatFlg=&useServiceFlg=&selGoSeat=&selGoService=&txtPnrNo=&hidRsvChgNo=&hidStlFlg=&radJobId=1&SeandYo=&hidRsvTpCd=03&selGoSeat1=015&selGoSeat2=&txtPsgCnt1=1&txtPsgCnt2=0&txtMenuId=11&txtPsgFlg_1=1&txtPsgFlg_2=0&txtPsgFlg_3=0&txtPsgFlg_4=0&txtPsgFlg_5=0&txtPsgFlg_8=&chkCpn=N&txtSeatAttCd_4=015&txtSeatAttCd_3=000&txtSeatAttCd_2=000&txtGoStartCode2=&txtGoEndCode2=&hidDiscount=&hidEasyTalk=&adjcCheckYn=N
직통,1101,서울10:47,부산15:26,-,예약하기,유아동반객실,역발매중,"42,600원",-,-,ITX-마음,조회,04:39,https://www.letskorail.com/ebizprd/EbizPrdTicketPr21111_i1.do?&txtGoAbrdDt=20240314&txtGoHour=093200&selGoYear=2024&selGoMonth=03&selGoDay=14&selGoHour=00&txtGoPage=2&txtGoStartCode=0001&txtGoStart=%EC%84%9C%EC%9A%B8&txtGoEndCode=0020&txtGoEnd=%EB%B6%80%EC%82%B0&selGoTrain=05&selGoRoom=&selGoRoom1=&txtGoTrnNo=&useSeatFlg=&useServiceFlg=&selGoSeat=&selGoService=&txtPnrNo=&hidRsvChgNo=&hidStlFlg=&radJobId=1&SeandYo=&hidRsvTpCd=03&selGoSeat1=015&selGoSeat2=&txtPsgCnt1=1&txtPsgCnt2=0&txtMenuId=11&txtPsgFlg_1=1&txtPsgFlg_2=0&txtPsgFlg_3=0&txtPsgFlg_4=0&txtPsgFlg_5=0&txtPsgFlg_8=&chkCpn=N&txtSeatAttCd_4=015&txtSeatAttCd_3=000&txtSeatAttCd_2=000&txtGoStartCode2=&txtGoEndCode2=&hidDiscount=&hidEasyTalk=&adjcCheckYn=N
직통,KTX025,서울10:57,부산13:41,좌석매진,예약하기,유아동반객실,역발매중,"59,800원(5% 적립)",-,-,전동휠체어,조회,02:44,https://www.letskorail.com/ebizprd/EbizPrdTicketPr21111_i1.do?&txtGoAbrdDt=20240314&txtGoHour=093200&selGoYear=2024&selGoMonth=03&selGoDay=14&selGoHour=00&txtGoPage=2&txtGoStartCode=0001&txtGoStart=%EC%84%9C%EC%9A%B8&txtGoEndCode=0020&txtGoEnd=%EB%B6%80%EC%82%B0&selGoTrain=05&selGoRoom=&selGoRoom1=&txtGoTrnNo=&useSeatFlg=&useServiceFlg=&selGoSeat=&selGoService=&txtPnrNo=&hidRsvChgNo=&hidStlFlg=&radJobId=1&SeandYo=&hidRsvTpCd=03&selGoSeat1=015&selGoSeat2=&txtPsgCnt1=1&txtPsgCnt2=0&txtMenuId=11&txtPsgFlg_1=1&txtPsgFlg_2=0&txtPsgFlg_3=0&txtPsgFlg_4=0&txtPsgFlg_5=0&txtPsgFlg_8=&chkCpn=N&txtSeatAttCd_4=015&txtSeatAttCd_3=000&txtSeatAttCd_2=000&txtGoStartCode2=&txtGoEndCode2=&hidDiscount=&hidEasyTalk=&adjcCheckYn=N
직통,KTX027,서울11:57,부산14:41,예약하기,예약하기,유아동반객실,역발매중,"59,800원(5% 적립)",-,-,전동휠체어,조회,02:44,https://www.letskorail.com/ebizprd/EbizPrdTicketPr21111_i1.do?&txtGoAbrdDt=20240314&txtGoHour=093200&selGoYear=2024&selGoMonth=03&selGoDay=14&selGoHour=00&txtGoPage=2&txtGoStartCode=0001&txtGoStart=%EC%84%9C%EC%9A%B8&txtGoEndCode=0020&txtGoEnd=%EB%B6%80%EC%82%B0&selGoTrain=05&selGoRoom=&selGoRoom1=&txtGoTrnNo=&useSeatFlg=&useServiceFlg=&selGoSeat=&selGoService=&txtPnrNo=&hidRsvChgNo=&hidStlFlg=&radJobId=1&SeandYo=&hidRsvTpCd=03&selGoSeat1=015&selGoSeat2=&txtPsgCnt1=1&txtPsgCnt2=0&txtMenuId=11&txtPsgFlg_1=1&txtPsgFlg_2=0&txtPsgFlg_3=0&txtPsgFlg_4=0&txtPsgFlg_5=0&txtPsgFlg_8=&chkCpn=N&txtSeatAttCd_4=015&txtSeatAttCd_3=000&txtSeatAttCd_2=000&txtGoStartCode2=&txtGoEndCode2=&hidDiscount=&hidEasyTalk=&adjcCheckYn=N
직통,1007,서울12:20,부산17:25,-,예약하기,유아동반객실,역발매중,"42,600원",-,-,전동휠체어,조회,05:05,https://www.letskorail.com/ebizprd/EbizPrdTicketPr21111_i1.do?&txtGoAbrdDt=20240314&txtGoHour=093200&selGoYear=2024&selGoMonth=03&selGoDay=14&selGoHour=00&txtGoPage=2&txtGoStartCode=0001&txtGoStart=%EC%84%9C%EC%9A%B8&txtGoEndCode=0020&txtGoEnd=%EB%B6%80%EC%82%B0&selGoTrain=05&selGoRoom=&selGoRoom1=&txtGoTrnNo=&useSeatFlg=&useServiceFlg=&selGoSeat=&selGoService=&txtPnrNo=&hidRsvChgNo=&hidStlFlg=&radJobId=1&SeandYo=&hidRsvTpCd=03&selGoSeat1=015&selGoSeat2=&txtPsgCnt1=1&txtPsgCnt2=0&txtMenuId=11&txtPsgFlg_1=1&txtPsgFlg_2=0&txtPsgFlg_3=0&txtPsgFlg_4=0&txtPsgFlg_5=0&txtPsgFlg_8=&chkCpn=N&txtSeatAttCd_4=015&txtSeatAttCd_3=000&txtSeatAttCd_2=000&txtGoStartCode2=&txtGoEndCode2=&hidDiscount=&hidEasyTalk=&adjcCheckYn=N
직통,KTX029,서울12:24,부산15:02,예약하기,예약하기,유아동반객실,역발매중,"59,800원(5% 적립)",-,-,전동휠체어,조회,02:38,https://www.letskorail.com/ebizprd/EbizPrdTicketPr21111_i1.do?&txtGoAbrdDt=20240314&txtGoHour=122000&selGoYear=2024&selGoMonth=03&selGoDay=14&selGoHour=00&txtGoPage=2&txtGoStartCode=0001&txtGoStart=%EC%84%9C%EC%9A%B8&txtGoEndCode=0020&txtGoEnd=%EB%B6%80%EC%82%B0&selGoTrain=05&selGoRoom=&selGoRoom1=&txtGoTrnNo=&useSeatFlg=&useServiceFlg=&selGoSeat=&selGoService=&txtPnrNo=&hidRsvChgNo=&hidStlFlg=&radJobId=1&SeandYo=&hidRsvTpCd=03&selGoSeat1=015&selGoSeat2=&txtPsgCnt1=1&txtPsgCnt2=0&txtMenuId=11&txtPsgFlg_1=1&txtPsgFlg_2=0&txtPsgFlg_3=0&txtPsgFlg_4=0&txtPsgFlg_5=0&txtPsgFlg_8=&chkCpn=N&txtSeatAttCd_4=015&txtSeatAttCd_3=000&txtSeatAttCd_2=000&txtGoStartCode2=&txtGoEndCode2=&hidDiscount=&hidEasyTalk=&adjcCheckYn=N
직통,KTX031,서울12:57,부산15:47,예약하기,예약하기,유아동반객실,역발매중,"59,800원(5% 적립)",-,-,KTX-산천 BType,조회,02:50,https://www.letskorail.com/ebizprd/EbizPrdTicketPr21111_i1.do?&txtGoAbrdDt=20240314&txtGoHour=122000&selGoYear=2024&selGoMonth=03&selGoDay=14&selGoHour=00&txtGoPage=2&txtGoStartCode=0001&txtGoStart=%EC%84%9C%EC%9A%B8&txtGoEndCode=0020&txtGoEnd=%EB%B6%80%EC%82%B0&selGoTrain=05&selGoRoom=&selGoRoom1=&txtGoTrnNo=&useSeatFlg=&useServiceFlg=&selGoSeat=&selGoService=&txtPnrNo=&hidRsvChgNo=&hidStlFlg=&radJobId=1&SeandYo=&hidRsvTpCd=03&selGoSeat1=015&selGoSeat2=&txtPsgCnt1=1&txtPsgCnt2=0&txtMenuId=11&txtPsgFlg_1=1&txtPsgFlg_2=0&txtPsgFlg_3=0&txtPsgFlg_4=0&txtPsgFlg_5=0&txtPsgFlg_8=&chkCpn=N&txtSeatAttCd_4=015&txtSeatAttCd_3=000&txtSeatAttCd_2=000&txtGoStartCode2=&txtGoEndCode2=&hidDiscount=&hidEasyTalk=&adjcCheckYn=N
직통,1209,서울13:03,부산18:59,-,예약하기,-,역발매중,"28,600원",-,-,,조회,05:56,https://www.letskorail.com/ebizprd/EbizPrdTicketPr21111_i1.do?&txtGoAbrdDt=20240314&txtGoHour=122000&selGoYear=2024&selGoMonth=03&selGoDay=14&selGoHour=00&txtGoPage=2&txtGoStartCode=0001&txtGoStart=%EC%84%9C%EC%9A%B8&txtGoEndCode=0020&txtGoEnd=%EB%B6%80%EC%82%B0&selGoTrain=05&selGoRoom=&selGoRoom1=&txtGoTrnNo=&useSeatFlg=&useServiceFlg=&selGoSeat=&selGoService=&txtPnrNo=&hidRsvChgNo=&hidStlFlg=&radJobId=1&SeandYo=&hidRsvTpCd=03&selGoSeat1=015&selGoSeat2=&txtPsgCnt1=1&txtPsgCnt2=0&txtMenuId=11&txtPsgFlg_1=1&txtPsgFlg_2=0&txtPsgFlg_3=0&txtPsgFlg_4=0&txtPsgFlg_5=0&txtPsgFlg_8=&chkCpn=N&txtSeatAttCd_4=015&txtSeatAttCd_3=000&txtSeatAttCd_2=000&txtGoStartCode2=&txtGoEndCode2=&hidDiscount=&hidEasyTalk=&adjcCheckYn=N
직통,KTX103,서울13:07,부산16:27,예약하기,예약하기,유아동반객실,역발매중,"53,500원(5% 적립)",-,"경부기존선 서대구, 구포역을 정차하는 KTX 입니다
소요시간과 운임의 차이가 있습니다",전동휠체어,조회,03:20,https://www.letskorail.com/ebizprd/EbizPrdTicketPr21111_i1.do?&txtGoAbrdDt=20240314&txtGoHour=122000&selGoYear=2024&selGoMonth=03&selGoDay=14&selGoHour=00&txtGoPage=2&txtGoStartCode=0001&txtGoStart=%EC%84%9C%EC%9A%B8&txtGoEndCode=0020&txtGoEnd=%EB%B6%80%EC%82%B0&selGoTrain=05&selGoRoom=&selGoRoom1=&txtGoTrnNo=&useSeatFlg=&useServiceFlg=&selGoSeat=&selGoService=&txtPnrNo=&hidRsvChgNo=&hidStlFlg=&radJobId=1&SeandYo=&hidRsvTpCd=03&selGoSeat1=015&selGoSeat2=&txtPsgCnt1=1&txtPsgCnt2=0&txtMenuId=11&txtPsgFlg_1=1&txtPsgFlg_2=0&txtPsgFlg_3=0&txtPsgFlg_4=0&txtPsgFlg_5=0&txtPsgFlg_8=&chkCpn=N&txtSeatAttCd_4=015&txtSeatAttCd_3=000&txtSeatAttCd_2=000&txtGoStartCode2=&txtGoEndCode2=&hidDiscount=&hidEasyTalk=&adjcCheckYn=N
직통,KTX033,서울13:17,부산15:58,예약하기,예약하기,유아동반객실,역발매중,"59,800원(5% 적립)",-,-,전동휠체어,조회,02:41,https://www.letskorail.com/ebizprd/EbizPrdTicketPr21111_i1.do?&txtGoAbrdDt=20240314&txtGoHour=122000&selGoYear=2024&selGoMonth=03&selGoDay=14&selGoHour=00&txtGoPage=2&txtGoStartCode=0001&txtGoStart=%EC%84%9C%EC%9A%B8&txtGoEndCode=0020&txtGoEnd=%EB%B6%80%EC%82%B0&selGoTrain=05&selGoRoom=&selGoRoom1=&txtGoTrnNo=&useSeatFlg=&useServiceFlg=&selGoSeat=&selGoService=&txtPnrNo=&hidRsvChgNo=&hidStlFlg=&radJobId=1&SeandYo=&hidRsvTpCd=03&selGoSeat1=015&selGoSeat2=&txtPsgCnt1=1&txtPsgCnt2=0&txtMenuId=11&txtPsgFlg_1=1&txtPsgFlg_2=0&txtPsgFlg_3=0&txtPsgFlg_4=0&txtPsgFlg_5=0&txtPsgFlg_8=&chkCpn=N&txtSeatAttCd_4=015&txtSeatAttCd_3=000&txtSeatAttCd_2=000&txtGoStartCode2=&txtGoEndCode2=&hidDiscount=&hidEasyTalk=&adjcCheckYn=N
직통,KTX183,서울13:48,부산16:24,예약하기,예약하기,유아동반객실,역발매중,"59,800원(5% 적립)",-,-,전동휠체어,조회,02:36,https://www.letskorail.com/ebizprd/EbizPrdTicketPr21111_i1.do?&txtGoAbrdDt=20240314&txtGoHour=122000&selGoYear=2024&selGoMonth=03&selGoDay=14&selGoHour=00&txtGoPage=2&txtGoStartCode=0001&txtGoStart=%EC%84%9C%EC%9A%B8&txtGoEndCode=0020&txtGoEnd=%EB%B6%80%EC%82%B0&selGoTrain=05&selGoRoom=&selGoRoom1=&txtGoTrnNo=&useSeatFlg=&useServiceFlg=&selGoSeat=&selGoService=&txtPnrNo=&hidRsvChgNo=&hidStlFlg=&radJobId=1&SeandYo=&hidRsvTpCd=03&selGoSeat1=015&selGoSeat2=&txtPsgCnt1=1&txtPsgCnt2=0&txtMenuId=11&txtPsgFlg_1=1&txtPsgFlg_2=0&txtPsgFlg_3=0&txtPsgFlg_4=0&txtPsgFlg_5=0&txtPsgFlg_8=&chkCpn=N&txtSeatAttCd_4=015&txtSeatAttCd_3=000&txtSeatAttCd_2=000&txtGoStartCode2=&txtGoEndCode2=&hidDiscount=&hidEasyTalk=&adjcCheckYn=N
직통,1009,서울13:52,부산18:45,-,예약하기,유아동반객실,역발매중,"42,600원",-,-,전동휠체어,조회,04:53,https://www.letskorail.com/ebizprd/EbizPrdTicketPr21111_i1.do?&txtGoAbrdDt=20240314&txtGoHour=122000&selGoYear=2024&selGoMonth=03&selGoDay=14&selGoHour=00&txtGoPage=2&txtGoStartCode=0001&txtGoStart=%EC%84%9C%EC%9A%B8&txtGoEndCode=0020&txtGoEnd=%EB%B6%80%EC%82%B0&selGoTrain=05&selGoRoom=&selGoRoom1=&txtGoTrnNo=&useSeatFlg=&useServiceFlg=&selGoSeat=&selGoService=&txtPnrNo=&hidRsvChgNo=&hidStlFlg=&radJobId=1&SeandYo=&hidRsvTpCd=03&selGoSeat1=015&selGoSeat2=&txtPsgCnt1=1&txtPsgCnt2=0&txtMenuId=11&txtPsgFlg_1=1&txtPsgFlg_2=0&txtPsgFlg_3=0&txtPsgFlg_4=0&txtPsgFlg_5=0&txtPsgFlg_8=&chkCpn=N&txtSeatAttCd_4=015&txtSeatAttCd_3=000&txtSeatAttCd_2=000&txtGoStartCode2=&txtGoEndCode2=&hidDiscount=&hidEasyTalk=&adjcCheckYn=N
직통,KTX035,서울13:57,부산16:34,예약하기,예약하기,유아동반객실,역발매중,"59,800원(5% 적립)",-,-,전동휠체어,조회,02:37,https://www.letskorail.com/ebizprd/EbizPrdTicketPr21111_i1.do?&txtGoAbrdDt=20240314&txtGoHour=122000&selGoYear=2024&selGoMonth=03&selGoDay=14&selGoHour=00&txtGoPage=2&txtGoStartCode=0001&txtGoStart=%EC%84%9C%EC%9A%B8&txtGoEndCode=0020&txtGoEnd=%EB%B6%80%EC%82%B0&selGoTrain=05&selGoRoom=&selGoRoom1=&txtGoTrnNo=&useSeatFlg=&useServiceFlg=&selGoSeat=&selGoService=&txtPnrNo=&hidRsvChgNo=&hidStlFlg=&radJobId=1&SeandYo=&hidRsvTpCd=03&selGoSeat1=015&selGoSeat2=&txtPsgCnt1=1&txtPsgCnt2=0&txtMenuId=11&txtPsgFlg_1=1&txtPsgFlg_2=0&txtPsgFlg_3=0&txtPsgFlg_4=0&txtPsgFlg_5=0&txtPsgFlg_8=&chkCpn=N&txtSeatAttCd_4=015&txtSeatAttCd_3=000&txtSeatAttCd_2=000&txtGoStartCode2=&txtGoEndCode2=&hidDiscount=&hidEasyTalk=&adjcCheckYn=N
직통,1211,서울14:03,부산19:39,-,예약하기,-,역발매중,"28,600원",-,-,카페,조회,05:36,https://www.letskorail.com/ebizprd/EbizPrdTicketPr21111_i1.do?&txtGoAbrdDt=20240314&txtGoHour=122000&selGoYear=2024&selGoMonth=03&selGoDay=14&selGoHour=00&txtGoPage=2&txtGoStartCode=0001&txtGoStart=%EC%84%9C%EC%9A%B8&txtGoEndCode=0020&txtGoEnd=%EB%B6%80%EC%82%B0&selGoTrain=05&selGoRoom=&selGoRoom1=&txtGoTrnNo=&useSeatFlg=&useServiceFlg=&selGoSeat=&selGoService=&txtPnrNo=&hidRsvChgNo=&hidStlFlg=&radJobId=1&SeandYo=&hidRsvTpCd=03&selGoSeat1=015&selGoSeat2=&txtPsgCnt1=1&txtPsgCnt2=0&txtMenuId=11&txtPsgFlg_1=1&txtPsgFlg_2=0&txtPsgFlg_3=0&txtPsgFlg_4=0&txtPsgFlg_5=0&txtPsgFlg_8=&chkCpn=N&txtSeatAttCd_4=015&txtSeatAttCd_3=000&txtSeatAttCd_2=000&txtGoStartCode2=&txtGoEndCode2=&hidDiscount=&hidEasyTalk=&adjcCheckYn=N
직통,KTX185,서울14:14,부산16:38,예약하기,예약하기,유아동반객실,역발매중,"59,800원(5% 적립)",-,-,KTX-산천 AType,조회,02:24,https://www.letskorail.com/ebizprd/EbizPrdTicketPr21111_i1.do?&txtGoAbrdDt=20240314&txtGoHour=140300&selGoYear=2024&selGoMonth=03&selGoDay=14&selGoHour=00&txtGoPage=2&txtGoStartCode=0001&txtGoStart=%EC%84%9C%EC%9A%B8&txtGoEndCode=0020&txtGoEnd=%EB%B6%80%EC%82%B0&selGoTrain=05&selGoRoom=&selGoRoom1=&txtGoTrnNo=&useSeatFlg=&useServiceFlg=&selGoSeat=&selGoService=&txtPnrNo=&hidRsvChgNo=&hidStlFlg=&radJobId=1&SeandYo=&hidRsvTpCd=03&selGoSeat1=015&selGoSeat2=&txtPsgCnt1=1&txtPsgCnt2=0&txtMenuId=11&txtPsgFlg_1=1&txtPsgFlg_2=0&txtPsgFlg_3=0&txtPsgFlg_4=0&txtPsgFlg_5=0&txtPsgFlg_8=&chkCpn=N&txtSeatAttCd_4=015&txtSeatAttCd_3=000&txtSeatAttCd_2=000&txtGoStartCode2=&txtGoEndCode2=&hidDiscount=&hidEasyTalk=&adjcCheckYn=N
직통,KTX037,서울14:18,부산16:49,예약하기,예약하기,유아동반객실,역발매중,"59,800원(5% 적립)",-,-,전동휠체어,조회,02:31,https://www.letskorail.com/ebizprd/EbizPrdTicketPr21111_i1.do?&txtGoAbrdDt=20240314&txtGoHour=140300&selGoYear=2024&selGoMonth=03&selGoDay=14&selGoHour=00&txtGoPage=2&txtGoStartCode=0001&txtGoStart=%EC%84%9C%EC%9A%B8&txtGoEndCode=0020&txtGoEnd=%EB%B6%80%EC%82%B0&selGoTrain=05&selGoRoom=&selGoRoom1=&txtGoTrnNo=&useSeatFlg=&useServiceFlg=&selGoSeat=&selGoService=&txtPnrNo=&hidRsvChgNo=&hidStlFlg=&radJobId=1&SeandYo=&hidRsvTpCd=03&selGoSeat1=015&selGoSeat2=&txtPsgCnt1=1&txtPsgCnt2=0&txtMenuId=11&txtPsgFlg_1=1&txtPsgFlg_2=0&txtPsgFlg_3=0&txtPsgFlg_4=0&txtPsgFlg_5=0&txtPsgFlg_8=&chkCpn=N&txtSeatAttCd_4=015&txtSeatAttCd_3=000&txtSeatAttCd_2=000&txtGoStartCode2=&txtGoEndCode2=&hidDiscount=&hidEasyTalk=&adjcCheckYn=N
직통,KTX039,서울14:27,부산17:11,좌석매진,예약하기,유아동반객실,역발매중,"59,800원(5% 적립)",-,-,KTX-산천 AType,조회,02:44,https://www.letskorail.com/ebizprd/EbizPrdTicketPr21111_i1.do?&txtGoAbrdDt=20240314&txtGoHour=140300&selGoYear=2024&selGoMonth=03&selGoDay=14&selGoHour=00&txtGoPage=2&txtGoStartCode=0001&txtGoStart=%EC%84%9C%EC%9A%B8&txtGoEndCode=0020&txtGoEnd=%EB%B6%80%EC%82%B0&selGoTrain=05&selGoRoom=&selGoRoom1=&txtGoTrnNo=&useSeatFlg=&useServiceFlg=&selGoSeat=&selGoService=&txtPnrNo=&hidRsvChgNo=&hidStlFlg=&radJobId=1&SeandYo=&hidRsvTpCd=03&selGoSeat1=015&selGoSeat2=&txtPsgCnt1=1&txtPsgCnt2=0&txtMenuId=11&txtPsgFlg_1=1&txtPsgFlg_2=0&txtPsgFlg_3=0&txtPsgFlg_4=0&txtPsgFlg_5=0&txtPsgFlg_8=&chkCpn=N&txtSeatAttCd_4=015&txtSeatAttCd_3=000&txtSeatAttCd_2=000&txtGoStartCode2=&txtGoEndCode2=&hidDiscount=&hidEasyTalk=&adjcCheckYn=N
직통,1213,서울14:48,부산20:08,-,예약하기,-,역발매중,"28,600원",-,-,카페,조회,05:20,https://www.letskorail.com/ebizprd/EbizPrdTicketPr21111_i1.do?&txtGoAbrdDt=20240314&txtGoHour=140300&selGoYear=2024&selGoMonth=03&selGoDay=14&selGoHour=00&txtGoPage=2&txtGoStartCode=0001&txtGoStart=%EC%84%9C%EC%9A%B8&txtGoEndCode=0020&txtGoEnd=%EB%B6%80%EC%82%B0&selGoTrain=05&selGoRoom=&selGoRoom1=&txtGoTrnNo=&useSeatFlg=&useServiceFlg=&selGoSeat=&selGoService=&txtPnrNo=&hidRsvChgNo=&hidStlFlg=&radJobId=1&SeandYo=&hidRsvTpCd=03&selGoSeat1=015&selGoSeat2=&txtPsgCnt1=1&txtPsgCnt2=0&txtMenuId=11&txtPsgFlg_1=1&txtPsgFlg_2=0&txtPsgFlg_3=0&txtPsgFlg_4=0&txtPsgFlg_5=0&txtPsgFlg_8=&chkCpn=N&txtSeatAttCd_4=015&txtSeatAttCd_3=000&txtSeatAttCd_2=000&txtGoStartCode2=&txtGoEndCode2=&hidDiscount=&hidEasyTalk=&adjcCheckYn=N
직통,KTX041,서울14:57,부산17:39,좌석매진,예약하기,유아동반객실,역발매중,"59,800원(5% 적립)",-,-,전동휠체어,조회,02:42,https://www.letskorail.com/ebizprd/EbizPrdTicketPr21111_i1.do?&txtGoAbrdDt=20240314&txtGoHour=140300&selGoYear=2024&selGoMonth=03&selGoDay=14&selGoHour=00&txtGoPage=2&txtGoStartCode=0001&txtGoStart=%EC%84%9C%EC%9A%B8&txtGoEndCode=0020&txtGoEnd=%EB%B6%80%EC%82%B0&selGoTrain=05&selGoRoom=&selGoRoom1=&txtGoTrnNo=&useSeatFlg=&useServiceFlg=&selGoSeat=&selGoService=&txtPnrNo=&hidRsvChgNo=&hidStlFlg=&radJobId=1&SeandYo=&hidRsvTpCd=03&selGoSeat1=015&selGoSeat2=&txtPsgCnt1=1&txtPsgCnt2=0&txtMenuId=11&txtPsgFlg_1=1&txtPsgFlg_2=0&txtPsgFlg_3=0&txtPsgFlg_4=0&txtPsgFlg_5=0&txtPsgFlg_8=&chkCpn=N&txtSeatAttCd_4=015&txtSeatAttCd_3=000&txtSeatAttCd_2=000&txtGoStartCode2=&txtGoEndCode2=&hidDiscount=&hidEasyTalk=&adjcCheckYn=N
직통,KTX043,서울15:39,부산18:11,예약하기,예약하기,유아동반객실,역발매중,"59,800원(5% 적립)",-,-,전동휠체어,조회,02:32,https://www.letskorail.com/ebizprd/EbizPrdTicketPr21111_i1.do?&txtGoAbrdDt=20240314&txtGoHour=140300&selGoYear=2024&selGoMonth=03&selGoDay=14&selGoHour=00&txtGoPage=2&txtGoStartCode=0001&txtGoStart=%EC%84%9C%EC%9A%B8&txtGoEndCode=0020&txtGoEnd=%EB%B6%80%EC%82%B0&selGoTrain=05&selGoRoom=&selGoRoom1=&txtGoTrnNo=&useSeatFlg=&useServiceFlg=&selGoSeat=&selGoService=&txtPnrNo=&hidRsvChgNo=&hidStlFlg=&radJobId=1&SeandYo=&hidRsvTpCd=03&selGoSeat1=015&selGoSeat2=&txtPsgCnt1=1&txtPsgCnt2=0&txtMenuId=11&txtPsgFlg_1=1&txtPsgFlg_2=0&txtPsgFlg_3=0&txtPsgFlg_4=0&txtPsgFlg_5=0&txtPsgFlg_8=&chkCpn=N&txtSeatAttCd_4=015&txtSeatAttCd_3=000&txtSeatAttCd_2=000&txtGoStartCode2=&txtGoEndCode2=&hidDiscount=&hidEasyTalk=&adjcCheckYn=N
직통,KTX193,서울15:44,부산18:20,예약하기,예약하기,유아동반객실,역발매중,"59,800원(5% 적립)",-,-,KTX-산천 AType,조회,02:36,https://www.letskorail.com/ebizprd/EbizPrdTicketPr21111_i1.do?&txtGoAbrdDt=20240314&txtGoHour=140300&selGoYear=2024&selGoMonth=03&selGoDay=14&selGoHour=00&txtGoPage=2&txtGoStartCode=0001&txtGoStart=%EC%84%9C%EC%9A%B8&txtGoEndCode=0020&txtGoEnd=%EB%B6%80%EC%82%B0&selGoTrain=05&selGoRoom=&selGoRoom1=&txtGoTrnNo=&useSeatFlg=&useServiceFlg=&selGoSeat=&selGoService=&txtPnrNo=&hidRsvChgNo=&hidStlFlg=&radJobId=1&SeandYo=&hidRsvTpCd=03&selGoSeat1=015&selGoSeat2=&txtPsgCnt1=1&txtPsgCnt2=0&txtMenuId=11&txtPsgFlg_1=1&txtPsgFlg_2=0&txtPsgFlg_3=0&txtPsgFlg_4=0&txtPsgFlg_5=0&txtPsgFlg_8=&chkCpn=N&txtSeatAttCd_4=015&txtSeatAttCd_3=000&txtSeatAttCd_2=000&txtGoStartCode2=&txtGoEndCode2=&hidDiscount=&hidEasyTalk=&adjcCheckYn=N
직통,1011,서울15:49,부산20:33,-,예약하기,유아동반객실,역발매중,"42,600원",-,-,전동휠체어,조회,04:44,https://www.letskorail.com/ebizprd/EbizPrdTicketPr21111_i1.do?&txtGoAbrdDt=20240314&txtGoHour=140300&selGoYear=2024&selGoMonth=03&selGoDay=14&selGoHour=00&txtGoPage=2&txtGoStartCode=0001&txtGoStart=%EC%84%9C%EC%9A%B8&txtGoEndCode=0020&txtGoEnd=%EB%B6%80%EC%82%B0&selGoTrain=05&selGoRoom=&selGoRoom1=&txtGoTrnNo=&useSeatFlg=&useServiceFlg=&selGoSeat=&selGoService=&txtPnrNo=&hidRsvChgNo=&hidStlFlg=&radJobId=1&SeandYo=&hidRsvTpCd=03&selGoSeat1=015&selGoSeat2=&txtPsgCnt1=1&txtPsgCnt2=0&txtMenuId=11&txtPsgFlg_1=1&txtPsgFlg_2=0&txtPsgFlg_3=0&txtPsgFlg_4=0&txtPsgFlg_5=0&txtPsgFlg_8=&chkCpn=N&txtSeatAttCd_4=015&txtSeatAttCd_3=000&txtSeatAttCd_2=000&txtGoStartCode2=&txtGoEndCode2=&hidDiscount=&hidEasyTalk=&adjcCheckYn=N
직통,KTX045,서울15:57,부산18:41,예약하기,예약하기,유아동반객실,역발매중,"59,400원(5% 적립)",-,"경부기존선 서대구역을 정차하는 KTX 입니다
소요시간과 운임의 차이가 있습니다",전동휠체어,조회,02:44,https://www.letskorail.com/ebizprd/EbizPrdTicketPr21111_i1.do?&txtGoAbrdDt=20240314&txtGoHour=140300&selGoYear=2024&selGoMonth=03&selGoDay=14&selGoHour=00&txtGoPage=2&txtGoStartCode=0001&txtGoStart=%EC%84%9C%EC%9A%B8&txtGoEndCode=0020&txtGoEnd=%EB%B6%80%EC%82%B0&selGoTrain=05&selGoRoom=&selGoRoom1=&txtGoTrnNo=&useSeatFlg=&useServiceFlg=&selGoSeat=&selGoService=&txtPnrNo=&hidRsvChgNo=&hidStlFlg=&radJobId=1&SeandYo=&hidRsvTpCd=03&selGoSeat1=015&selGoSeat2=&txtPsgCnt1=1&txtPsgCnt2=0&txtMenuId=11&txtPsgFlg_1=1&txtPsgFlg_2=0&txtPsgFlg_3=0&txtPsgFlg_4=0&txtPsgFlg_5=0&txtPsgFlg_8=&chkCpn=N&txtSeatAttCd_4=015&txtSeatAttCd_3=000&txtSeatAttCd_2=000&txtGoStartCode2=&txtGoEndCode2=&hidDiscount=&hidEasyTalk=&adjcCheckYn=N
직통,KTX125,서울16:02,부산19:20,예약하기,예약하기,유아동반객실,역발매중,"48,800원(5% 적립)",-,"경부기존선 수원역을 정차하는 KTX 입니다
소요시간과 운임의 차이가 있습니다",전동휠체어,조회,03:18,https://www.letskorail.com/ebizprd/EbizPrdTicketPr21111_i1.do?&txtGoAbrdDt=20240314&txtGoHour=155700&selGoYear=2024&selGoMonth=03&selGoDay=14&selGoHour=00&txtGoPage=2&txtGoStartCode=0001&txtGoStart=%EC%84%9C%EC%9A%B8&txtGoEndCode=0020&txtGoEnd=%EB%B6%80%EC%82%B0&selGoTrain=05&selGoRoom=&selGoRoom1=&txtGoTrnNo=&useSeatFlg=&useServiceFlg=&selGoSeat=&selGoService=&txtPnrNo=&hidRsvChgNo=&hidStlFlg=&radJobId=1&SeandYo=&hidRsvTpCd=03&selGoSeat1=015&selGoSeat2=&txtPsgCnt1=1&txtPsgCnt2=0&txtMenuId=11&txtPsgFlg_1=1&txtPsgFlg_2=0&txtPsgFlg_3=0&txtPsgFlg_4=0&txtPsgFlg_5=0&txtPsgFlg_8=&chkCpn=N&txtSeatAttCd_4=015&txtSeatAttCd_3=000&txtSeatAttCd_2=000&txtGoStartCode2=&txtGoEndCode2=&hidDiscount=&hidEasyTalk=&adjcCheckYn=N
직통,KTX047,서울16:28,부산18:58,예약하기,예약하기,유아동반객실,역발매중,"59,800원(5% 적립)",-,-,전동휠체어,조회,02:30,https://www.letskorail.com/ebizprd/EbizPrdTicketPr21111_i1.do?&txtGoAbrdDt=20240314&txtGoHour=155700&selGoYear=2024&selGoMonth=03&selGoDay=14&selGoHour=00&txtGoPage=2&txtGoStartCode=0001&txtGoStart=%EC%84%9C%EC%9A%B8&txtGoEndCode=0020&txtGoEnd=%EB%B6%80%EC%82%B0&selGoTrain=05&selGoRoom=&selGoRoom1=&txtGoTrnNo=&useSeatFlg=&useServiceFlg=&selGoSeat=&selGoService=&txtPnrNo=&hidRsvChgNo=&hidStlFlg=&radJobId=1&SeandYo=&hidRsvTpCd=03&selGoSeat1=015&selGoSeat2=&txtPsgCnt1=1&txtPsgCnt2=0&txtMenuId=11&txtPsgFlg_1=1&txtPsgFlg_2=0&txtPsgFlg_3=0&txtPsgFlg_4=0&txtPsgFlg_5=0&txtPsgFlg_8=&chkCpn=N&txtSeatAttCd_4=015&txtSeatAttCd_3=000&txtSeatAttCd_2=000&txtGoStartCode2=&txtGoEndCode2=&hidDiscount=&hidEasyTalk=&adjcCheckYn=N
직통,1103,서울16:46,부산21:19,-,예약하기,유아동반객실,역발매중,"42,600원",-,-,ITX-마음,조회,04:33,https://www.letskorail.com/ebizprd/EbizPrdTicketPr21111_i1.do?&txtGoAbrdDt=20240314&txtGoHour=155700&selGoYear=2024&selGoMonth=03&selGoDay=14&selGoHour=00&txtGoPage=2&txtGoStartCode=0001&txtGoStart=%EC%84%9C%EC%9A%B8&txtGoEndCode=0020&txtGoEnd=%EB%B6%80%EC%82%B0&selGoTrain=05&selGoRoom=&selGoRoom1=&txtGoTrnNo=&useSeatFlg=&useServiceFlg=&selGoSeat=&selGoService=&txtPnrNo=&hidRsvChgNo=&hidStlFlg=&radJobId=1&SeandYo=&hidRsvTpCd=03&selGoSeat1=015&selGoSeat2=&txtPsgCnt1=1&txtPsgCnt2=0&txtMenuId=11&txtPsgFlg_1=1&txtPsgFlg_2=0&txtPsgFlg_3=0&txtPsgFlg_4=0&txtPsgFlg_5=0&txtPsgFlg_8=&chkCpn=N&txtSeatAttCd_4=015&txtSeatAttCd_3=000&txtSeatAttCd_2=000&txtGoStartCode2=&txtGoEndCode2=&hidDiscount=&hidEasyTalk=&adjcCheckYn=N
직통,KTX049,서울16:57,부산19:40,예약하기,예약하기,유아동반객실,역발매중,"59,800원(5% 적립)",-,-,전동휠체어,조회,02:43,https://www.letskorail.com/ebizprd/EbizPrdTicketPr21111_i1.do?&txtGoAbrdDt=20240314&txtGoHour=155700&selGoYear=2024&selGoMonth=03&selGoDay=14&selGoHour=00&txtGoPage=2&txtGoStartCode=0001&txtGoStart=%EC%84%9C%EC%9A%B8&txtGoEndCode=0020&txtGoEnd=%EB%B6%80%EC%82%B0&selGoTrain=05&selGoRoom=&selGoRoom1=&txtGoTrnNo=&useSeatFlg=&useServiceFlg=&selGoSeat=&selGoService=&txtPnrNo=&hidRsvChgNo=&hidStlFlg=&radJobId=1&SeandYo=&hidRsvTpCd=03&selGoSeat1=015&selGoSeat2=&txtPsgCnt1=1&txtPsgCnt2=0&txtMenuId=11&txtPsgFlg_1=1&txtPsgFlg_2=0&txtPsgFlg_3=0&txtPsgFlg_4=0&txtPsgFlg_5=0&txtPsgFlg_8=&chkCpn=N&txtSeatAttCd_4=015&txtSeatAttCd_3=000&txtSeatAttCd_2=000&txtGoStartCode2=&txtGoEndCode2=&hidDiscount=&hidEasyTalk=&adjcCheckYn=N
직통,KTX105,서울17:12,부산20:15,예약하기,예약하기,유아동반객실,역발매중,"53,900원(5% 적립)",-,"경부기존선 구포역을 정차하는 KTX 입니다
소요시간과 운임의 차이가 있습니다",전동휠체어,조회,03:03,https://www.letskorail.com/ebizprd/EbizPrdTicketPr21111_i1.do?&txtGoAbrdDt=20240314&txtGoHour=155700&selGoYear=2024&selGoMonth=03&selGoDay=14&selGoHour=00&txtGoPage=2&txtGoStartCode=0001&txtGoStart=%EC%84%9C%EC%9A%B8&txtGoEndCode=0020&txtGoEnd=%EB%B6%80%EC%82%B0&selGoTrain=05&selGoRoom=&selGoRoom1=&txtGoTrnNo=&useSeatFlg=&useServiceFlg=&selGoSeat=&selGoService=&txtPnrNo=&hidRsvChgNo=&hidStlFlg=&radJobId=1&SeandYo=&hidRsvTpCd=03&selGoSeat1=015&selGoSeat2=&txtPsgCnt1=1&txtPsgCnt2=0&txtMenuId=11&txtPsgFlg_1=1&txtPsgFlg_2=0&txtPsgFlg_3=0&txtPsgFlg_4=0&txtPsgFlg_5=0&txtPsgFlg_8=&chkCpn=N&txtSeatAttCd_4=015&txtSeatAttCd_3=000&txtSeatAttCd_2=000&txtGoStartCode2=&txtGoEndCode2=&hidDiscount=&hidEasyTalk=&adjcCheckYn=N
직통,KTX051,서울17:22,부산20:11,예약하기,예약하기,유아동반객실,역발매중,"59,800원(5% 적립)",-,-,전동휠체어,조회,02:49,https://www.letskorail.com/ebizprd/EbizPrdTicketPr21111_i1.do?&txtGoAbrdDt=20240314&txtGoHour=155700&selGoYear=2024&selGoMonth=03&selGoDay=14&selGoHour=00&txtGoPage=2&txtGoStartCode=0001&txtGoStart=%EC%84%9C%EC%9A%B8&txtGoEndCode=0020&txtGoEnd=%EB%B6%80%EC%82%B0&selGoTrain=05&selGoRoom=&selGoRoom1=&txtGoTrnNo=&useSeatFlg=&useServiceFlg=&selGoSeat=&selGoService=&txtPnrNo=&hidRsvChgNo=&hidStlFlg=&radJobId=1&SeandYo=&hidRsvTpCd=03&selGoSeat1=015&selGoSeat2=&txtPsgCnt1=1&txtPsgCnt2=0&txtMenuId=11&txtPsgFlg_1=1&txtPsgFlg_2=0&txtPsgFlg_3=0&txtPsgFlg_4=0&txtPsgFlg_5=0&txtPsgFlg_8=&chkCpn=N&txtSeatAttCd_4=015&txtSeatAttCd_3=000&txtSeatAttCd_2=000&txtGoStartCode2=&txtGoEndCode2=&hidDiscount=&hidEasyTalk=&adjcCheckYn=N
직통,1215,서울17:27,부산23:20,-,예약하기,-,역발매중,"28,600원",-,-,카페,조회,05:53,https://www.letskorail.com/ebizprd/EbizPrdTicketPr21111_i1.do?&txtGoAbrdDt=20240314&txtGoHour=155700&selGoYear=2024&selGoMonth=03&selGoDay=14&selGoHour=00&txtGoPage=2&txtGoStartCode=0001&txtGoStart=%EC%84%9C%EC%9A%B8&txtGoEndCode=0020&txtGoEnd=%EB%B6%80%EC%82%B0&selGoTrain=05&selGoRoom=&selGoRoom1=&txtGoTrnNo=&useSeatFlg=&useServiceFlg=&selGoSeat=&selGoService=&txtPnrNo=&hidRsvChgNo=&hidStlFlg=&radJobId=1&SeandYo=&hidRsvTpCd=03&selGoSeat1=015&selGoSeat2=&txtPsgCnt1=1&txtPsgCnt2=0&txtMenuId=11&txtPsgFlg_1=1&txtPsgFlg_2=0&txtPsgFlg_3=0&txtPsgFlg_4=0&txtPsgFlg_5=0&txtPsgFlg_8=&chkCpn=N&txtSeatAttCd_4=015&txtSeatAttCd_3=000&txtSeatAttCd_2=000&txtGoStartCode2=&txtGoEndCode2=&hidDiscount=&hidEasyTalk=&adjcCheckYn=N
직통,KTX053,서울17:57,부산20:35,예약하기,예약하기,유아동반객실,역발매중,"59,800원(5% 적립)",-,-,전동휠체어,조회,02:38,https://www.letskorail.com/ebizprd/EbizPrdTicketPr21111_i1.do?&txtGoAbrdDt=20240314&txtGoHour=155700&selGoYear=2024&selGoMonth=03&selGoDay=14&selGoHour=00&txtGoPage=2&txtGoStartCode=0001&txtGoStart=%EC%84%9C%EC%9A%B8&txtGoEndCode=0020&txtGoEnd=%EB%B6%80%EC%82%B0&selGoTrain=05&selGoRoom=&selGoRoom1=&txtGoTrnNo=&useSeatFlg=&useServiceFlg=&selGoSeat=&selGoService=&txtPnrNo=&hidRsvChgNo=&hidStlFlg=&radJobId=1&SeandYo=&hidRsvTpCd=03&selGoSeat1=015&selGoSeat2=&txtPsgCnt1=1&txtPsgCnt2=0&txtMenuId=11&txtPsgFlg_1=1&txtPsgFlg_2=0&txtPsgFlg_3=0&txtPsgFlg_4=0&txtPsgFlg_5=0&txtPsgFlg_8=&chkCpn=N&txtSeatAttCd_4=015&txtSeatAttCd_3=000&txtSeatAttCd_2=000&txtGoStartCode2=&txtGoEndCode2=&hidDiscount=&hidEasyTalk=&adjcCheckYn=N
직통,1217,서울18:08,부산23:32,-,예약하기,-,역발매중,"28,600원",-,-,카페,조회,05:24,https://www.letskorail.com/ebizprd/EbizPrdTicketPr21111_i1.do?&txtGoAbrdDt=20240314&txtGoHour=155700&selGoYear=2024&selGoMonth=03&selGoDay=14&selGoHour=00&txtGoPage=2&txtGoStartCode=0001&txtGoStart=%EC%84%9C%EC%9A%B8&txtGoEndCode=0020&txtGoEnd=%EB%B6%80%EC%82%B0&selGoTrain=05&selGoRoom=&selGoRoom1=&txtGoTrnNo=&useSeatFlg=&useServiceFlg=&selGoSeat=&selGoService=&txtPnrNo=&hidRsvChgNo=&hidStlFlg=&radJobId=1&SeandYo=&hidRsvTpCd=03&selGoSeat1=015&selGoSeat2=&txtPsgCnt1=1&txtPsgCnt2=0&txtMenuId=11&txtPsgFlg_1=1&txtPsgFlg_2=0&txtPsgFlg_3=0&txtPsgFlg_4=0&txtPsgFlg_5=0&txtPsgFlg_8=&chkCpn=N&txtSeatAttCd_4=015&txtSeatAttCd_3=000&txtSeatAttCd_2=000&txtGoStartCode2=&txtGoEndCode2=&hidDiscount=&hidEasyTalk=&adjcCheckYn=N
직통,KTX055,서울18:12,부산20:54,예약하기,예약하기,유아동반객실,역발매중,"59,800원(5% 적립)",-,-,전동휠체어,조회,02:42,https://www.letskorail.com/ebizprd/EbizPrdTicketPr21111_i1.do?&txtGoAbrdDt=20240314&txtGoHour=180800&selGoYear=2024&selGoMonth=03&selGoDay=14&selGoHour=00&txtGoPage=2&txtGoStartCode=0001&txtGoStart=%EC%84%9C%EC%9A%B8&txtGoEndCode=0020&txtGoEnd=%EB%B6%80%EC%82%B0&selGoTrain=05&selGoRoom=&selGoRoom1=&txtGoTrnNo=&useSeatFlg=&useServiceFlg=&selGoSeat=&selGoService=&txtPnrNo=&hidRsvChgNo=&hidStlFlg=&radJobId=1&SeandYo=&hidRsvTpCd=03&selGoSeat1=015&selGoSeat2=&txtPsgCnt1=1&txtPsgCnt2=0&txtMenuId=11&txtPsgFlg_1=1&txtPsgFlg_2=0&txtPsgFlg_3=0&txtPsgFlg_4=0&txtPsgFlg_5=0&txtPsgFlg_8=&chkCpn=N&txtSeatAttCd_4=015&txtSeatAttCd_3=000&txtSeatAttCd_2=000&txtGoStartCode2=&txtGoEndCode2=&hidDiscount=&hidEasyTalk=&adjcCheckYn=N
직통,KTX057,서울18:23,부산21:13,예약하기,예약하기,유아동반객실,역발매중,"59,800원(5% 적립)",-,-,전동휠체어,조회,02:50,https://www.letskorail.com/ebizprd/EbizPrdTicketPr21111_i1.do?&txtGoAbrdDt=20240314&txtGoHour=180800&selGoYear=2024&selGoMonth=03&selGoDay=14&selGoHour=00&txtGoPage=2&txtGoStartCode=0001&txtGoStart=%EC%84%9C%EC%9A%B8&txtGoEndCode=0020&txtGoEnd=%EB%B6%80%EC%82%B0&selGoTrain=05&selGoRoom=&selGoRoom1=&txtGoTrnNo=&useSeatFlg=&useServiceFlg=&selGoSeat=&selGoService=&txtPnrNo=&hidRsvChgNo=&hidStlFlg=&radJobId=1&SeandYo=&hidRsvTpCd=03&selGoSeat1=015&selGoSeat2=&txtPsgCnt1=1&txtPsgCnt2=0&txtMenuId=11&txtPsgFlg_1=1&txtPsgFlg_2=0&txtPsgFlg_3=0&txtPsgFlg_4=0&txtPsgFlg_5=0&txtPsgFlg_8=&chkCpn=N&txtSeatAttCd_4=015&txtSeatAttCd_3=000&txtSeatAttCd_2=000&txtGoStartCode2=&txtGoEndCode2=&hidDiscount=&hidEasyTalk=&adjcCheckYn=N
직통,KTX107,서울18:40,부산22:05,예약하기,예약하기,유아동반객실,역발매중,"53,500원(5% 적립)",-,"경부기존선 서대구, 구포역을 정차하는 KTX 입니다
소요시간과 운임의 차이가 있습니다",전동휠체어,조회,03:25,https://www.letskorail.com/ebizprd/EbizPrdTicketPr21111_i1.do?&txtGoAbrdDt=20240314&txtGoHour=180800&selGoYear=2024&selGoMonth=03&selGoDay=14&selGoHour=00&txtGoPage=2&txtGoStartCode=0001&txtGoStart=%EC%84%9C%EC%9A%B8&txtGoEndCode=0020&txtGoEnd=%EB%B6%80%EC%82%B0&selGoTrain=05&selGoRoom=&selGoRoom1=&txtGoTrnNo=&useSeatFlg=&useServiceFlg=&selGoSeat=&selGoService=&txtPnrNo=&hidRsvChgNo=&hidStlFlg=&radJobId=1&SeandYo=&hidRsvTpCd=03&selGoSeat1=015&selGoSeat2=&txtPsgCnt1=1&txtPsgCnt2=0&txtMenuId=11&txtPsgFlg_1=1&txtPsgFlg_2=0&txtPsgFlg_3=0&txtPsgFlg_4=0&txtPsgFlg_5=0&txtPsgFlg_8=&chkCpn=N&txtSeatAttCd_4=015&txtSeatAttCd_3=000&txtSeatAttCd_2=000&txtGoStartCode2=&txtGoEndCode2=&hidDiscount=&hidEasyTalk=&adjcCheckYn=N
직통,KTX127,서울18:52,부산22:13,예약하기,예약하기,유아동반객실,역발매중,"48,800원(5% 적립)",-,"경부기존선 수원역을 정차하는 KTX 입니다
소요시간과 운임의 차이가 있습니다",전동휠체어,조회,03:21,https://www.letskorail.com/ebizprd/EbizPrdTicketPr21111_i1.do?&txtGoAbrdDt=20240314&txtGoHour=180800&selGoYear=2024&selGoMonth=03&selGoDay=14&selGoHour=00&txtGoPage=2&txtGoStartCode=0001&txtGoStart=%EC%84%9C%EC%9A%B8&txtGoEndCode=0020&txtGoEnd=%EB%B6%80%EC%82%B0&selGoTrain=05&selGoRoom=&selGoRoom1=&txtGoTrnNo=&useSeatFlg=&useServiceFlg=&selGoSeat=&selGoService=&txtPnrNo=&hidRsvChgNo=&hidStlFlg=&radJobId=1&SeandYo=&hidRsvTpCd=03&selGoSeat1=015&selGoSeat2=&txtPsgCnt1=1&txtPsgCnt2=0&txtMenuId=11&txtPsgFlg_1=1&txtPsgFlg_2=0&txtPsgFlg_3=0&txtPsgFlg_4=0&txtPsgFlg_5=0&txtPsgFlg_8=&chkCpn=N&txtSeatAttCd_4=015&txtSeatAttCd_3=000&txtSeatAttCd_2=000&txtGoStartCode2=&txtGoEndCode2=&hidDiscount=&hidEasyTalk=&adjcCheckYn=N
직통,KTX059,서울18:57,부산21:38,예약하기,예약하기,유아동반객실,역발매중,"59,800원(5% 적립)",-,-,전동휠체어,조회,02:41,https://www.letskorail.com/ebizprd/EbizPrdTicketPr21111_i1.do?&txtGoAbrdDt=20240314&txtGoHour=180800&selGoYear=2024&selGoMonth=03&selGoDay=14&selGoHour=00&txtGoPage=2&txtGoStartCode=0001&txtGoStart=%EC%84%9C%EC%9A%B8&txtGoEndCode=0020&txtGoEnd=%EB%B6%80%EC%82%B0&selGoTrain=05&selGoRoom=&selGoRoom1=&txtGoTrnNo=&useSeatFlg=&useServiceFlg=&selGoSeat=&selGoService=&txtPnrNo=&hidRsvChgNo=&hidStlFlg=&radJobId=1&SeandYo=&hidRsvTpCd=03&selGoSeat1=015&selGoSeat2=&txtPsgCnt1=1&txtPsgCnt2=0&txtMenuId=11&txtPsgFlg_1=1&txtPsgFlg_2=0&txtPsgFlg_3=0&txtPsgFlg_4=0&txtPsgFlg_5=0&txtPsgFlg_8=&chkCpn=N&txtSeatAttCd_4=015&txtSeatAttCd_3=000&txtSeatAttCd_2=000&txtGoStartCode2=&txtGoEndCode2=&hidDiscount=&hidEasyTalk=&adjcCheckYn=N
직통,KTX061,서울19:34,부산22:09,예약하기,예약하기,유아동반객실,역발매중,"59,800원(5% 적립)",-,-,전동휠체어,조회,02:35,https://www.letskorail.com/ebizprd/EbizPrdTicketPr21111_i1.do?&txtGoAbrdDt=20240314&txtGoHour=180800&selGoYear=2024&selGoMonth=03&selGoDay=14&selGoHour=00&txtGoPage=2&txtGoStartCode=0001&txtGoStart=%EC%84%9C%EC%9A%B8&txtGoEndCode=0020&txtGoEnd=%EB%B6%80%EC%82%B0&selGoTrain=05&selGoRoom=&selGoRoom1=&txtGoTrnNo=&useSeatFlg=&useServiceFlg=&selGoSeat=&selGoService=&txtPnrNo=&hidRsvChgNo=&hidStlFlg=&radJobId=1&SeandYo=&hidRsvTpCd=03&selGoSeat1=015&selGoSeat2=&txtPsgCnt1=1&txtPsgCnt2=0&txtMenuId=11&txtPsgFlg_1=1&txtPsgFlg_2=0&txtPsgFlg_3=0&txtPsgFlg_4=0&txtPsgFlg_5=0&txtPsgFlg_8=&chkCpn=N&txtSeatAttCd_4=015&txtSeatAttCd_3=000&txtSeatAttCd_2=000&txtGoStartCode2=&txtGoEndCode2=&hidDiscount=&hidEasyTalk=&adjcCheckYn=N
직통,KTX063,서울19:57,부산22:37,예약하기,예약하기,유아동반객실,역발매중,"59,800원(5% 적립)",-,-,전동휠체어,조회,02:40,https://www.letskorail.com/ebizprd/EbizPrdTicketPr21111_i1.do?&txtGoAbrdDt=20240314&txtGoHour=180800&selGoYear=2024&selGoMonth=03&selGoDay=14&selGoHour=00&txtGoPage=2&txtGoStartCode=0001&txtGoStart=%EC%84%9C%EC%9A%B8&txtGoEndCode=0020&txtGoEnd=%EB%B6%80%EC%82%B0&selGoTrain=05&selGoRoom=&selGoRoom1=&txtGoTrnNo=&useSeatFlg=&useServiceFlg=&selGoSeat=&selGoService=&txtPnrNo=&hidRsvChgNo=&hidStlFlg=&radJobId=1&SeandYo=&hidRsvTpCd=03&selGoSeat1=015&selGoSeat2=&txtPsgCnt1=1&txtPsgCnt2=0&txtMenuId=11&txtPsgFlg_1=1&txtPsgFlg_2=0&txtPsgFlg_3=0&txtPsgFlg_4=0&txtPsgFlg_5=0&txtPsgFlg_8=&chkCpn=N&txtSeatAttCd_4=015&txtSeatAttCd_3=000&txtSeatAttCd_2=000&txtGoStartCode2=&txtGoEndCode2=&hidDiscount=&hidEasyTalk=&adjcCheckYn=N
직통,KTX197,서울20:12,부산22:41,예약하기,예약하기,유아동반객실,역발매중,"59,800원(5% 적립)",-,-,KTX-산천 AType,조회,02:29,https://www.letskorail.com/ebizprd/EbizPrdTicketPr21111_i1.do?&txtGoAbrdDt=20240314&txtGoHour=180800&selGoYear=2024&selGoMonth=03&selGoDay=14&selGoHour=00&txtGoPage=2&txtGoStartCode=0001&txtGoStart=%EC%84%9C%EC%9A%B8&txtGoEndCode=0020&txtGoEnd=%EB%B6%80%EC%82%B0&selGoTrain=05&selGoRoom=&selGoRoom1=&txtGoTrnNo=&useSeatFlg=&useServiceFlg=&selGoSeat=&selGoService=&txtPnrNo=&hidRsvChgNo=&hidStlFlg=&radJobId=1&SeandYo=&hidRsvTpCd=03&selGoSeat1=015&selGoSeat2=&txtPsgCnt1=1&txtPsgCnt2=0&txtMenuId=11&txtPsgFlg_1=1&txtPsgFlg_2=0&txtPsgFlg_3=0&txtPsgFlg_4=0&txtPsgFlg_5=0&txtPsgFlg_8=&chkCpn=N&txtSeatAttCd_4=015&txtSeatAttCd_3=000&txtSeatAttCd_2=000&txtGoStartCode2=&txtGoEndCode2=&hidDiscount=&hidEasyTalk=&adjcCheckYn=N
직통,1013,서울20:17,부산00:57,-,예약하기,유아동반객실,역발매중,"42,600원",-,-,전동휠체어,조회,04:40,https://www.letskorail.com/ebizprd/EbizPrdTicketPr21111_i1.do?&txtGoAbrdDt=20240314&txtGoHour=201200&selGoYear=2024&selGoMonth=03&selGoDay=14&selGoHour=00&txtGoPage=2&txtGoStartCode=0001&txtGoStart=%EC%84%9C%EC%9A%B8&txtGoEndCode=0020&txtGoEnd=%EB%B6%80%EC%82%B0&selGoTrain=05&selGoRoom=&selGoRoom1=&txtGoTrnNo=&useSeatFlg=&useServiceFlg=&selGoSeat=&selGoService=&txtPnrNo=&hidRsvChgNo=&hidStlFlg=&radJobId=1&SeandYo=&hidRsvTpCd=03&selGoSeat1=015&selGoSeat2=&txtPsgCnt1=1&txtPsgCnt2=0&txtMenuId=11&txtPsgFlg_1=1&txtPsgFlg_2=0&txtPsgFlg_3=0&txtPsgFlg_4=0&txtPsgFlg_5=0&txtPsgFlg_8=&chkCpn=N&txtSeatAttCd_4=015&txtSeatAttCd_3=000&txtSeatAttCd_2=000&txtGoStartCode2=&txtGoEndCode2=&hidDiscount=&hidEasyTalk=&adjcCheckYn=N
직통,KTX065,서울20:27,부산23:00,예약하기,예약하기,유아동반객실,역발매중,"59,400원(5% 적립)",-,"경부기존선 서대구역을 정차하는 KTX 입니다
소요시간과 운임의 차이가 있습니다",전동휠체어,조회,02:33,https://www.letskorail.com/ebizprd/EbizPrdTicketPr21111_i1.do?&txtGoAbrdDt=20240314&txtGoHour=201200&selGoYear=2024&selGoMonth=03&selGoDay=14&selGoHour=00&txtGoPage=2&txtGoStartCode=0001&txtGoStart=%EC%84%9C%EC%9A%B8&txtGoEndCode=0020&txtGoEnd=%EB%B6%80%EC%82%B0&selGoTrain=05&selGoRoom=&selGoRoom1=&txtGoTrnNo=&useSeatFlg=&useServiceFlg=&selGoSeat=&selGoService=&txtPnrNo=&hidRsvChgNo=&hidStlFlg=&radJobId=1&SeandYo=&hidRsvTpCd=03&selGoSeat1=015&selGoSeat2=&txtPsgCnt1=1&txtPsgCnt2=0&txtMenuId=11&txtPsgFlg_1=1&txtPsgFlg_2=0&txtPsgFlg_3=0&txtPsgFlg_4=0&txtPsgFlg_5=0&txtPsgFlg_8=&chkCpn=N&txtSeatAttCd_4=015&txtSeatAttCd_3=000&txtSeatAttCd_2=000&txtGoStartCode2=&txtGoEndCode2=&hidDiscount=&hidEasyTalk=&adjcCheckYn=N
직통,KTX109,서울20:48,부산00:02,예약하기,예약하기,유아동반객실,역발매중,"53,500원(5% 적립)",-,"경부기존선 서대구, 구포역을 정차하는 KTX 입니다
소요시간과 운임의 차이가 있습니다",전동휠체어,조회,03:14,https://www.letskorail.com/ebizprd/EbizPrdTicketPr21111_i1.do?&txtGoAbrdDt=20240314&txtGoHour=201200&selGoYear=2024&selGoMonth=03&selGoDay=14&selGoHour=00&txtGoPage=2&txtGoStartCode=0001&txtGoStart=%EC%84%9C%EC%9A%B8&txtGoEndCode=0020&txtGoEnd=%EB%B6%80%EC%82%B0&selGoTrain=05&selGoRoom=&selGoRoom1=&txtGoTrnNo=&useSeatFlg=&useServiceFlg=&selGoSeat=&selGoService=&txtPnrNo=&hidRsvChgNo=&hidStlFlg=&radJobId=1&SeandYo=&hidRsvTpCd=03&selGoSeat1=015&selGoSeat2=&txtPsgCnt1=1&txtPsgCnt2=0&txtMenuId=11&txtPsgFlg_1=1&txtPsgFlg_2=0&txtPsgFlg_3=0&txtPsgFlg_4=0&txtPsgFlg_5=0&txtPsgFlg_8=&chkCpn=N&txtSeatAttCd_4=015&txtSeatAttCd_3=000&txtSeatAttCd_2=000&txtGoStartCode2=&txtGoEndCode2=&hidDiscount=&hidEasyTalk=&adjcCheckYn=N
직통,KTX067,서울20:57,부산23:45,예약하기,예약하기,유아동반객실,역발매중,"59,800원(5% 적립)",-,-,전동휠체어,조회,02:48,https://www.letskorail.com/ebizprd/EbizPrdTicketPr21111_i1.do?&txtGoAbrdDt=20240314&txtGoHour=201200&selGoYear=2024&selGoMonth=03&selGoDay=14&selGoHour=00&txtGoPage=2&txtGoStartCode=0001&txtGoStart=%EC%84%9C%EC%9A%B8&txtGoEndCode=0020&txtGoEnd=%EB%B6%80%EC%82%B0&selGoTrain=05&selGoRoom=&selGoRoom1=&txtGoTrnNo=&useSeatFlg=&useServiceFlg=&selGoSeat=&selGoService=&txtPnrNo=&hidRsvChgNo=&hidStlFlg=&radJobId=1&SeandYo=&hidRsvTpCd=03&selGoSeat1=015&selGoSeat2=&txtPsgCnt1=1&txtPsgCnt2=0&txtMenuId=11&txtPsgFlg_1=1&txtPsgFlg_2=0&txtPsgFlg_3=0&txtPsgFlg_4=0&txtPsgFlg_5=0&txtPsgFlg_8=&chkCpn=N&txtSeatAttCd_4=015&txtSeatAttCd_3=000&txtSeatAttCd_2=000&txtGoStartCode2=&txtGoEndCode2=&hidDiscount=&hidEasyTalk=&adjcCheckYn=N
직통,KTX069,서울21:27,부산00:04,예약하기,예약하기,유아동반객실,역발매중,"운임10%↓53,800원",-,-,전동휠체어,조회,02:37,https://www.letskorail.com/ebizprd/EbizPrdTicketPr21111_i1.do?&txtGoAbrdDt=20240314&txtGoHour=201200&selGoYear=2024&selGoMonth=03&selGoDay=14&selGoHour=00&txtGoPage=2&txtGoStartCode=0001&txtGoStart=%EC%84%9C%EC%9A%B8&txtGoEndCode=0020&txtGoEnd=%EB%B6%80%EC%82%B0&selGoTrain=05&selGoRoom=&selGoRoom1=&txtGoTrnNo=&useSeatFlg=&useServiceFlg=&selGoSeat=&selGoService=&txtPnrNo=&hidRsvChgNo=&hidStlFlg=&radJobId=1&SeandYo=&hidRsvTpCd=03&selGoSeat1=015&selGoSeat2=&txtPsgCnt1=1&txtPsgCnt2=0&txtMenuId=11&txtPsgFlg_1=1&txtPsgFlg_2=0&txtPsgFlg_3=0&txtPsgFlg_4=0&txtPsgFlg_5=0&txtPsgFlg_8=&chkCpn=N&txtSeatAttCd_4=015&txtSeatAttCd_3=000&txtSeatAttCd_2=000&txtGoStartCode2=&txtGoEndCode2=&hidDiscount=&hidEasyTalk=&adjcCheckYn=N
직통,KTX111,서울21:37,부산00:47,예약하기,예약하기,유아동반객실,역발매중,"운임15%↓45,500원",-,"경부기존선 서대구, 구포역을 정차하는 KTX 입니다
소요시간과 운임의 차이가 있습니다",전동휠체어,조회,03:10,https://www.letskorail.com/ebizprd/EbizPrdTicketPr21111_i1.do?&txtGoAbrdDt=20240314&txtGoHour=201200&selGoYear=2024&selGoMonth=03&selGoDay=14&selGoHour=00&txtGoPage=2&txtGoStartCode=0001&txtGoStart=%EC%84%9C%EC%9A%B8&txtGoEndCode=0020&txtGoEnd=%EB%B6%80%EC%82%B0&selGoTrain=05&selGoRoom=&selGoRoom1=&txtGoTrnNo=&useSeatFlg=&useServiceFlg=&selGoSeat=&selGoService=&txtPnrNo=&hidRsvChgNo=&hidStlFlg=&radJobId=1&SeandYo=&hidRsvTpCd=03&selGoSeat1=015&selGoSeat2=&txtPsgCnt1=1&txtPsgCnt2=0&txtMenuId=11&txtPsgFlg_1=1&txtPsgFlg_2=0&txtPsgFlg_3=0&txtPsgFlg_4=0&txtPsgFlg_5=0&txtPsgFlg_8=&chkCpn=N&txtSeatAttCd_4=015&txtSeatAttCd_3=000&txtSeatAttCd_2=000&txtGoStartCode2=&txtGoEndCode2=&hidDiscount=&hidEasyTalk=&adjcCheckYn=N
직통,KTX071,서울21:57,부산00:42,예약하기,예약하기,유아동반객실,역발매중,"운임15%↓50,500원",-,"경부기존선 서대구역을 정차하는 KTX 입니다
소요시간과 운임의 차이가 있습니다",전동휠체어,조회,02:45,https://www.letskorail.com/ebizprd/EbizPrdTicketPr21111_i1.do?&txtGoAbrdDt=20240314&txtGoHour=201200&selGoYear=2024&selGoMonth=03&selGoDay=14&selGoHour=00&txtGoPage=2&txtGoStartCode=0001&txtGoStart=%EC%84%9C%EC%9A%B8&txtGoEndCode=0020&txtGoEnd=%EB%B6%80%EC%82%B0&selGoTrain=05&selGoRoom=&selGoRoom1=&txtGoTrnNo=&useSeatFlg=&useServiceFlg=&selGoSeat=&selGoService=&txtPnrNo=&hidRsvChgNo=&hidStlFlg=&radJobId=1&SeandYo=&hidRsvTpCd=03&selGoSeat1=015&selGoSeat2=&txtPsgCnt1=1&txtPsgCnt2=0&txtMenuId=11&txtPsgFlg_1=1&txtPsgFlg_2=0&txtPsgFlg_3=0&txtPsgFlg_4=0&txtPsgFlg_5=0&txtPsgFlg_8=&chkCpn=N&txtSeatAttCd_4=015&txtSeatAttCd_3=000&txtSeatAttCd_2=000&txtGoStartCode2=&txtGoEndCode2=&hidDiscount=&hidEasyTalk=&adjcCheckYn=N
직통,KTX073,서울22:27,부산01:03,예약하기,예약하기,유아동반객실,역발매중,"운임10%↓53,800원",-,-,전동휠체어,조회,02:36,https://www.letskorail.com/ebizprd/EbizPrdTicketPr21111_i1.do?&txtGoAbrdDt=20240314&txtGoHour=201200&selGoYear=2024&selGoMonth=03&selGoDay=14&selGoHour=00&txtGoPage=2&txtGoStartCode=0001&txtGoStart=%EC%84%9C%EC%9A%B8&txtGoEndCode=0020&txtGoEnd=%EB%B6%80%EC%82%B0&selGoTrain=05&selGoRoom=&selGoRoom1=&txtGoTrnNo=&useSeatFlg=&useServiceFlg=&selGoSeat=&selGoService=&txtPnrNo=&hidRsvChgNo=&hidStlFlg=&radJobId=1&SeandYo=&hidRsvTpCd=03&selGoSeat1=015&selGoSeat2=&txtPsgCnt1=1&txtPsgCnt2=0&txtMenuId=11&txtPsgFlg_1=1&txtPsgFlg_2=0&txtPsgFlg_3=0&txtPsgFlg_4=0&txtPsgFlg_5=0&txtPsgFlg_8=&chkCpn=N&txtSeatAttCd_4=015&txtSeatAttCd_3=000&txtSeatAttCd_2=000&txtGoStartCode2=&txtGoEndCode2=&hidDiscount=&hidEasyTalk=&adjcCheckYn=N
직통,KTX001,서울05:12,부산07:49,예약하기,예약하기,유아동반객실,역발매중,"운임15%↓50,800원",-,-,전동휠체어,조회,02:37,https://www.letskorail.com/ebizprd/EbizPrdTicketPr21111_i1.do?&txtGoAbrdDt=20240315&txtGoHour=000000&selGoYear=2024&selGoMonth=03&selGoDay=15&selGoHour=00&txtGoPage=1&txtGoStartCode=0001&txtGoStart=%EC%84%9C%EC%9A%B8&txtGoEndCode=0020&txtGoEnd=%EB%B6%80%EC%82%B0&selGoTrain=05&selGoRoom=&selGoRoom1=&txtGoTrnNo=&useSeatFlg=&useServiceFlg=&selGoSeat=&selGoService=&txtPnrNo=&hidRsvChgNo=&hidStlFlg=&radJobId=1&SeandYo=&hidRsvTpCd=03&selGoSeat1=015&selGoSeat2=&txtPsgCnt1=1&txtPsgCnt2=0&txtMenuId=11&txtPsgFlg_1=1&txtPsgFlg_2=0&txtPsgFlg_3=0&txtPsgFlg_4=0&txtPsgFlg_5=0&txtPsgFlg_8=&chkCpn=N&txtSeatAttCd_4=015&txtSeatAttCd_3=000&txtSeatAttCd_2=000&txtGoStartCode2=&txtGoEndCode2=&hidDiscount=&hidEasyTalk=&adjcCheckYn=N
직통,KTX003,서울05:27,부산08:15,예약하기,예약하기,유아동반객실,역발매중,"운임15%↓50,800원",-,-,전동휠체어,조회,02:48,https://www.letskorail.com/ebizprd/EbizPrdTicketPr21111_i1.do?&txtGoAbrdDt=20240315&txtGoHour=000000&selGoYear=2024&selGoMonth=03&selGoDay=15&selGoHour=00&txtGoPage=1&txtGoStartCode=0001&txtGoStart=%EC%84%9C%EC%9A%B8&txtGoEndCode=0020&txtGoEnd=%EB%B6%80%EC%82%B0&selGoTrain=05&selGoRoom=&selGoRoom1=&txtGoTrnNo=&useSeatFlg=&useServiceFlg=&selGoSeat=&selGoService=&txtPnrNo=&hidRsvChgNo=&hidStlFlg=&radJobId=1&SeandYo=&hidRsvTpCd=03&selGoSeat1=015&selGoSeat2=&txtPsgCnt1=1&txtPsgCnt2=0&txtMenuId=11&txtPsgFlg_1=1&txtPsgFlg_2=0&txtPsgFlg_3=0&txtPsgFlg_4=0&txtPsgFlg_5=0&txtPsgFlg_8=&chkCpn=N&txtSeatAttCd_4=015&txtSeatAttCd_3=000&txtSeatAttCd_2=000&txtGoStartCode2=&txtGoEndCode2=&hidDiscount=&hidEasyTalk=&adjcCheckYn=N
직통,1201,서울05:53,부산11:38,-,예약하기,-,역발매중,"28,600원",-,-,카페,조회,05:45,https://www.letskorail.com/ebizprd/EbizPrdTicketPr21111_i1.do?&txtGoAbrdDt=20240315&txtGoHour=000000&selGoYear=2024&selGoMonth=03&selGoDay=15&selGoHour=00&txtGoPage=1&txtGoStartCode=0001&txtGoStart=%EC%84%9C%EC%9A%B8&txtGoEndCode=0020&txtGoEnd=%EB%B6%80%EC%82%B0&selGoTrain=05&selGoRoom=&selGoRoom1=&txtGoTrnNo=&useSeatFlg=&useServiceFlg=&selGoSeat=&selGoService=&txtPnrNo=&hidRsvChgNo=&hidStlFlg=&radJobId=1&SeandYo=&hidRsvTpCd=03&selGoSeat1=015&selGoSeat2=&txtPsgCnt1=1&txtPsgCnt2=0&txtMenuId=11&txtPsgFlg_1=1&txtPsgFlg_2=0&txtPsgFlg_3=0&txtPsgFlg_4=0&txtPsgFlg_5=0&txtPsgFlg_8=&chkCpn=N&txtSeatAttCd_4=015&txtSeatAttCd_3=000&txtSeatAttCd_2=000&txtGoStartCode2=&txtGoEndCode2=&hidDiscount=&hidEasyTalk=&adjcCheckYn=N
직통,KTX005,서울05:57,부산08:42,예약하기,예약하기,유아동반객실,역발매중,"운임15%↓50,500원",-,"경부기존선 서대구역을 정차하는 KTX 입니다
소요시간과 운임의 차이가 있습니다",전동휠체어,조회,02:45,https://www.letskorail.com/ebizprd/EbizPrdTicketPr21111_i1.do?&txtGoAbrdDt=20240315&txtGoHour=000000&selGoYear=2024&selGoMonth=03&selGoDay=15&selGoHour=00&txtGoPage=1&txtGoStartCode=0001&txtGoStart=%EC%84%9C%EC%9A%B8&txtGoEndCode=0020&txtGoEnd=%EB%B6%80%EC%82%B0&selGoTrain=05&selGoRoom=&selGoRoom1=&txtGoTrnNo=&useSeatFlg=&useServiceFlg=&selGoSeat=&selGoService=&txtPnrNo=&hidRsvChgNo=&hidStlFlg=&radJobId=1&SeandYo=&hidRsvTpCd=03&selGoSeat1=015&selGoSeat2=&txtPsgCnt1=1&txtPsgCnt2=0&txtMenuId=11&txtPsgFlg_1=1&txtPsgFlg_2=0&txtPsgFlg_3=0&txtPsgFlg_4=0&txtPsgFlg_5=0&txtPsgFlg_8=&chkCpn=N&txtSeatAttCd_4=015&txtSeatAttCd_3=000&txtSeatAttCd_2=000&txtGoStartCode2=&txtGoEndCode2=&hidDiscount=&hidEasyTalk=&adjcCheckYn=N
직통,KTX075,서울06:02,부산08:48,예약하기,예약하기,유아동반객실,역발매중,"59,800원(5% 적립)",-,-,KTX-산천 AType,조회,02:46,https://www.letskorail.com/ebizprd/EbizPrdTicketPr21111_i1.do?&txtGoAbrdDt=20240315&txtGoHour=000000&selGoYear=2024&selGoMonth=03&selGoDay=15&selGoHour=00&txtGoPage=1&txtGoStartCode=0001&txtGoStart=%EC%84%9C%EC%9A%B8&txtGoEndCode=0020&txtGoEnd=%EB%B6%80%EC%82%B0&selGoTrain=05&selGoRoom=&selGoRoom1=&txtGoTrnNo=&useSeatFlg=&useServiceFlg=&selGoSeat=&selGoService=&txtPnrNo=&hidRsvChgNo=&hidStlFlg=&radJobId=1&SeandYo=&hidRsvTpCd=03&selGoSeat1=015&selGoSeat2=&txtPsgCnt1=1&txtPsgCnt2=0&txtMenuId=11&txtPsgFlg_1=1&txtPsgFlg_2=0&txtPsgFlg_3=0&txtPsgFlg_4=0&txtPsgFlg_5=0&txtPsgFlg_8=&chkCpn=N&txtSeatAttCd_4=015&txtSeatAttCd_3=000&txtSeatAttCd_2=000&txtGoStartCode2=&txtGoEndCode2=&hidDiscount=&hidEasyTalk=&adjcCheckYn=N
직통,1001,서울06:16,부산11:06,-,예약하기,유아동반객실,역발매중,"42,600원",-,-,전동휠체어,조회,04:50,https://www.letskorail.com/ebizprd/EbizPrdTicketPr21111_i1.do?&txtGoAbrdDt=20240315&txtGoHour=000000&selGoYear=2024&selGoMonth=03&selGoDay=15&selGoHour=00&txtGoPage=1&txtGoStartCode=0001&txtGoStart=%EC%84%9C%EC%9A%B8&txtGoEndCode=0020&txtGoEnd=%EB%B6%80%EC%82%B0&selGoTrain=05&selGoRoom=&selGoRoom1=&txtGoTrnNo=&useSeatFlg=&useServiceFlg=&selGoSeat=&selGoService=&txtPnrNo=&hidRsvChgNo=&hidStlFlg=&radJobId=1&SeandYo=&hidRsvTpCd=03&selGoSeat1=015&selGoSeat2=&txtPsgCnt1=1&txtPsgCnt2=0&txtMenuId=11&txtPsgFlg_1=1&txtPsgFlg_2=0&txtPsgFlg_3=0&txtPsgFlg_4=0&txtPsgFlg_5=0&txtPsgFlg_8=&chkCpn=N&txtSeatAttCd_4=015&txtSeatAttCd_3=000&txtSeatAttCd_2=000&txtGoStartCode2=&txtGoEndCode2=&hidDiscount=&hidEasyTalk=&adjcCheckYn=N
직통,KTX007,서울06:32,부산09:21,예약하기,예약하기,유아동반객실,역발매중,"59,800원(5% 적립)",-,-,전동휠체어,조회,02:49,https://www.letskorail.com/ebizprd/EbizPrdTicketPr21111_i1.do?&txtGoAbrdDt=20240315&txtGoHour=000000&selGoYear=2024&selGoMonth=03&selGoDay=15&selGoHour=00&txtGoPage=1&txtGoStartCode=0001&txtGoStart=%EC%84%9C%EC%9A%B8&txtGoEndCode=0020&txtGoEnd=%EB%B6%80%EC%82%B0&selGoTrain=05&selGoRoom=&selGoRoom1=&txtGoTrnNo=&useSeatFlg=&useServiceFlg=&selGoSeat=&selGoService=&txtPnrNo=&hidRsvChgNo=&hidStlFlg=&radJobId=1&SeandYo=&hidRsvTpCd=03&selGoSeat1=015&selGoSeat2=&txtPsgCnt1=1&txtPsgCnt2=0&txtMenuId=11&txtPsgFlg_1=1&txtPsgFlg_2=0&txtPsgFlg_3=0&txtPsgFlg_4=0&txtPsgFlg_5=0&txtPsgFlg_8=&chkCpn=N&txtSeatAttCd_4=015&txtSeatAttCd_3=000&txtSeatAttCd_2=000&txtGoStartCode2=&txtGoEndCode2=&hidDiscount=&hidEasyTalk=&adjcCheckYn=N
직통,1203,서울06:36,부산12:08,-,예약하기,-,역발매중,"28,600원",-,-,카페,조회,05:32,https://www.letskorail.com/ebizprd/EbizPrdTicketPr21111_i1.do?&txtGoAbrdDt=20240315&txtGoHour=000000&selGoYear=2024&selGoMonth=03&selGoDay=15&selGoHour=00&txtGoPage=1&txtGoStartCode=0001&txtGoStart=%EC%84%9C%EC%9A%B8&txtGoEndCode=0020&txtGoEnd=%EB%B6%80%EC%82%B0&selGoTrain=05&selGoRoom=&selGoRoom1=&txtGoTrnNo=&useSeatFlg=&useServiceFlg=&selGoSeat=&selGoService=&txtPnrNo=&hidRsvChgNo=&hidStlFlg=&radJobId=1&SeandYo=&hidRsvTpCd=03&selGoSeat1=015&selGoSeat2=&txtPsgCnt1=1&txtPsgCnt2=0&txtMenuId=11&txtPsgFlg_1=1&txtPsgFlg_2=0&txtPsgFlg_3=0&txtPsgFlg_4=0&txtPsgFlg_5=0&txtPsgFlg_8=&chkCpn=N&txtSeatAttCd_4=015&txtSeatAttCd_3=000&txtSeatAttCd_2=000&txtGoStartCode2=&txtGoEndCode2=&hidDiscount=&hidEasyTalk=&adjcCheckYn=N
직통,KTX009,서울06:56,부산09:38,예약하기,예약하기,유아동반객실,역발매중,"59,800원(5% 적립)",-,-,전동휠체어,조회,02:42,https://www.letskorail.com/ebizprd/EbizPrdTicketPr21111_i1.do?&txtGoAbrdDt=20240315&txtGoHour=000000&selGoYear=2024&selGoMonth=03&selGoDay=15&selGoHour=00&txtGoPage=1&txtGoStartCode=0001&txtGoStart=%EC%84%9C%EC%9A%B8&txtGoEndCode=0020&txtGoEnd=%EB%B6%80%EC%82%B0&selGoTrain=05&selGoRoom=&selGoRoom1=&txtGoTrnNo=&useSeatFlg=&useServiceFlg=&selGoSeat=&selGoService=&txtPnrNo=&hidRsvChgNo=&hidStlFlg=&radJobId=1&SeandYo=&hidRsvTpCd=03&selGoSeat1=015&selGoSeat2=&txtPsgCnt1=1&txtPsgCnt2=0&txtMenuId=11&txtPsgFlg_1=1&txtPsgFlg_2=0&txtPsgFlg_3=0&txtPsgFlg_4=0&txtPsgFlg_5=0&txtPsgFlg_8=&chkCpn=N&txtSeatAttCd_4=015&txtSeatAttCd_3=000&txtSeatAttCd_2=000&txtGoStartCode2=&txtGoEndCode2=&hidDiscount=&hidEasyTalk=&adjcCheckYn=N
직통,KTX163,서울10:17,부산13:31,예약하기,예약하기,유아동반객실,역발매중,"53,500원(5% 적립)",-,"경부기존선 서대구, 구포역을 정차하는 KTX 입니다
소요시간과 운임의 차이가 있습니다",전동휠체어,조회,03:14,https://www.letskorail.com/ebizprd/EbizPrdTicketPr21111_i1.do?&txtGoAbrdDt=20240315&txtGoHour=093200&selGoYear=2024&selGoMonth=03&selGoDay=15&selGoHour=00&txtGoPage=2&txtGoStartCode=0001&txtGoStart=%EC%84%9C%EC%9A%B8&txtGoEndCode=0020&txtGoEnd=%EB%B6%80%EC%82%B0&selGoTrain=05&selGoRoom=&selGoRoom1=&txtGoTrnNo=&useSeatFlg=&useServiceFlg=&selGoSeat=&selGoService=&txtPnrNo=&hidRsvChgNo=&hidStlFlg=&radJobId=1&SeandYo=&hidRsvTpCd=03&selGoSeat1=015&selGoSeat2=&txtPsgCnt1=1&txtPsgCnt2=0&txtMenuId=11&txtPsgFlg_1=1&txtPsgFlg_2=0&txtPsgFlg_3=0&txtPsgFlg_4=0&txtPsgFlg_5=0&txtPsgFlg_8=&chkCpn=N&txtSeatAttCd_4=015&txtSeatAttCd_3=000&txtSeatAttCd_2=000&txtGoStartCode2=&txtGoEndCode2=&hidDiscount=&hidEasyTalk=&adjcCheckYn=N
